classifier_name,archive_name,dataset_name,iteration,precision,accuracy,recall,duration
mlp,mts_archive,ArabicDigits,0.0,0.9693558247310632,0.9690909090909092,0.9690909090909092,0.0
mlp,mts_archive,AUSLAN,0.0,0.9469193973858336,0.9347368421052632,0.9347368421052632,0.0
mlp,mts_archive,CharacterTrajectories,0.0,0.9733567937626628,0.9722439405785771,0.9692612149003536,0.0
mlp,mts_archive,CMUsubject16,0.0,0.8421052631578947,0.7931034482758621,0.8125,0.0
mlp,mts_archive,ECG,0.0,0.7858585858585858,0.8,0.8199909543193125,0.0
mlp,mts_archive,JapaneseVowels,0.0,0.9762173055805132,0.9783783783783784,0.9796748270886204,0.0
mlp,mts_archive,KickvsPunch,0.0,0.8333333333333333,0.8,0.8333333333333333,0.0
mlp,mts_archive,Libras,0.0,0.7950793650793652,0.7777777777777778,0.7777777777777778,0.0
mlp,mts_archive,NetFlow,0.0,0.3895131086142322,0.7790262172284644,0.5,0.0
mlp,mts_archive,UWave,0.0,0.9030571707341952,0.8959794296400188,0.8959820959781581,0.0
mlp,mts_archive,Wafer,0.0,0.4469866071428572,0.8939732142857143,0.5,0.0
mlp,mts_archive,WalkvsRun,0.0,0.125,0.25,0.5,0.0
mlp,mts_archive,ArabicDigits,1.0,0.9688037610603044,0.968181818181818,0.968181818181818,0.0
mlp,mts_archive,AUSLAN,1.0,0.9426752284854778,0.9319298245614036,0.9319298245614036,0.0
mlp,mts_archive,CharacterTrajectories,1.0,0.9670547455517428,0.9663799843627834,0.9635297079432096,0.0
mlp,mts_archive,CMUsubject16,1.0,0.27586206896551724,0.5517241379310345,0.5,0.0
mlp,mts_archive,ECG,1.0,0.335,0.67,0.5,0.0
mlp,mts_archive,JapaneseVowels,1.0,0.9762173055805132,0.9783783783783784,0.9796748270886204,0.0
mlp,mts_archive,KickvsPunch,1.0,0.8333333333333333,0.7,0.625,0.0
mlp,mts_archive,Libras,1.0,0.8036601307189543,0.7833333333333333,0.7833333333333332,0.0
mlp,mts_archive,NetFlow,1.0,0.3895131086142322,0.7790262172284644,0.5,0.0
mlp,mts_archive,UWave,1.0,0.9064435293027266,0.8990182328190743,0.8990207917673001,0.0
mlp,mts_archive,Wafer,1.0,0.4469866071428572,0.8939732142857143,0.5,0.0
mlp,mts_archive,WalkvsRun,1.0,0.375,0.75,0.5,0.0
mlp,mts_archive,ArabicDigits,2.0,0.9689012216198666,0.968181818181818,0.968181818181818,0.0
mlp,mts_archive,AUSLAN,2.0,0.9487318582780534,0.9403508771929824,0.9403508771929826,0.0
mlp,mts_archive,CharacterTrajectories,2.0,0.9715156477183624,0.9710711493354184,0.9683917228024129,0.0
mlp,mts_archive,CMUsubject16,2.0,0.27586206896551724,0.5517241379310345,0.5,0.0
mlp,mts_archive,ECG,2.0,0.8395604395604396,0.86,0.8493894165535957,0.0
mlp,mts_archive,JapaneseVowels,2.0,0.9699747727250768,0.972972972972973,0.9743717967855898,0.0
mlp,mts_archive,KickvsPunch,2.0,0.625,0.6,0.625,0.0
mlp,mts_archive,Libras,2.0,0.7841462241462243,0.7611111111111111,0.7611111111111111,0.0
mlp,mts_archive,NetFlow,2.0,0.3895131086142322,0.7790262172284644,0.5,0.0
mlp,mts_archive,UWave,2.0,0.9032860728550086,0.8969144460028051,0.8969171129546011,0.0
mlp,mts_archive,Wafer,2.0,0.4469866071428572,0.8939732142857143,0.5,0.0
mlp,mts_archive,WalkvsRun,2.0,0.375,0.75,0.5,0.0
mlp,mts_archive,ArabicDigits,3.0,0.968954270052232,0.968181818181818,0.968181818181818,0.0
mlp,mts_archive,AUSLAN,3.0,0.9464177783602902,0.936842105263158,0.9368421052631579,0.0
mlp,mts_archive,CharacterTrajectories,3.0,0.9688824358288964,0.9679437060203284,0.9655490793347696,0.0
mlp,mts_archive,CMUsubject16,3.0,0.27586206896551724,0.5517241379310345,0.5,0.0
mlp,mts_archive,ECG,3.0,0.7858455882352942,0.81,0.7813206693803709,0.0
mlp,mts_archive,JapaneseVowels,3.0,0.9735072784802422,0.9756756756756756,0.9771495745633676,0.0
mlp,mts_archive,KickvsPunch,3.0,0.7857142857142857,0.7,0.75,0.0
mlp,mts_archive,Libras,3.0,0.8086910801616685,0.7944444444444444,0.7944444444444444,0.0
mlp,mts_archive,NetFlow,3.0,0.5315924116568294,0.6123595505617978,0.5417617340286831,0.0
mlp,mts_archive,UWave,3.0,0.9088134020091068,0.9032258064516128,0.9032329623017956,0.0
mlp,mts_archive,Wafer,3.0,0.4469866071428572,0.8939732142857143,0.5,0.0
mlp,mts_archive,WalkvsRun,3.0,0.375,0.75,0.5,0.0
mlp,mts_archive,ArabicDigits,4.0,0.9680651538099604,0.9677272727272728,0.9677272727272728,0.0
mlp,mts_archive,AUSLAN,4.0,0.9399453011173468,0.9270175438596492,0.9270175438596492,0.0
mlp,mts_archive,CharacterTrajectories,4.0,0.9688115656831141,0.967552775605942,0.964965773751464,0.0
mlp,mts_archive,CMUsubject16,4.0,0.27586206896551724,0.5517241379310345,0.5,0.0
mlp,mts_archive,ECG,4.0,0.165,0.33,0.5,0.0
mlp,mts_archive,JapaneseVowels,4.0,0.9735072784802422,0.9756756756756756,0.9771495745633676,0.0
mlp,mts_archive,KickvsPunch,4.0,0.7857142857142857,0.7,0.75,0.0
mlp,mts_archive,Libras,4.0,0.8007525807525808,0.7833333333333333,0.7833333333333333,0.0
mlp,mts_archive,NetFlow,4.0,0.1104868913857678,0.2209737827715356,0.5,0.0
mlp,mts_archive,UWave,4.0,0.9061148786553851,0.8987844787283777,0.8987867093702966,0.0
mlp,mts_archive,Wafer,4.0,0.4469866071428572,0.8939732142857143,0.5,0.0
mlp,mts_archive,WalkvsRun,4.0,0.375,0.75,0.5,0.0
mlp,mts_archive,ArabicDigits,5.0,0.97168713069856,0.9713636363636364,0.9713636363636364,0.0
mlp,mts_archive,AUSLAN,5.0,0.9437072626227254,0.9326315789473684,0.9326315789473684,0.0
mlp,mts_archive,CharacterTrajectories,5.0,0.9711618055148299,0.9695074276778732,0.9664592892938928,0.0
mlp,mts_archive,CMUsubject16,5.0,0.2241379310344828,0.4482758620689655,0.5,0.0
mlp,mts_archive,ECG,5.0,0.7875000000000001,0.81,0.8120759837177748,0.0
mlp,mts_archive,JapaneseVowels,5.0,0.9735072784802422,0.9756756756756756,0.9771495745633676,0.0
mlp,mts_archive,KickvsPunch,5.0,0.25,0.4,0.3333333333333333,0.0
mlp,mts_archive,Libras,5.0,0.7986905251611135,0.7833333333333333,0.7833333333333332,0.0
mlp,mts_archive,NetFlow,5.0,0.1104868913857678,0.2209737827715356,0.5,0.0
mlp,mts_archive,UWave,5.0,0.9068287174652008,0.9008882655446472,0.9008899506458048,0.0
mlp,mts_archive,Wafer,5.0,0.4469866071428572,0.8939732142857143,0.5,0.0
mlp,mts_archive,WalkvsRun,5.0,0.375,0.75,0.5,0.0
mlp,mts_archive,ArabicDigits,6.0,0.9726687546380364,0.9722727272727272,0.9722727272727272,0.0
mlp,mts_archive,AUSLAN,6.0,0.94946125667162,0.9389473684210526,0.9389473684210526,0.0
mlp,mts_archive,CharacterTrajectories,6.0,0.9687220429289658,0.9683346364347146,0.965649680362095,0.0
mlp,mts_archive,CMUsubject16,6.0,0.27586206896551724,0.5517241379310345,0.5,0.0
mlp,mts_archive,ECG,6.0,0.8190863862505653,0.84,0.8190863862505653,0.0
mlp,mts_archive,JapaneseVowels,6.0,0.9727525505028548,0.9756756756756756,0.9768970493108424,0.0
mlp,mts_archive,KickvsPunch,6.0,0.2,0.4,0.5,0.0
mlp,mts_archive,Libras,6.0,0.786959706959707,0.7722222222222223,0.7722222222222221,0.0
mlp,mts_archive,NetFlow,6.0,0.4870957491879678,0.3632958801498127,0.4851083767926988,0.0
mlp,mts_archive,UWave,6.0,0.9130521694889968,0.9074333800841514,0.9074398823900032,0.0
mlp,mts_archive,Wafer,6.0,0.4469866071428572,0.8939732142857143,0.5,0.0
mlp,mts_archive,WalkvsRun,6.0,0.375,0.75,0.5,0.0
mlp,mts_archive,ArabicDigits,7.0,0.9685433359378064,0.9677272727272728,0.9677272727272728,0.0
mlp,mts_archive,AUSLAN,7.0,0.9426391428081996,0.929122807017544,0.929122807017544,0.0
mlp,mts_archive,CharacterTrajectories,7.0,0.9669332439957876,0.9659890539483972,0.963341765575732,0.0
mlp,mts_archive,CMUsubject16,7.0,0.27586206896551724,0.5517241379310345,0.5,0.0
mlp,mts_archive,ECG,7.0,0.335,0.67,0.5,0.0
mlp,mts_archive,JapaneseVowels,7.0,0.9735072784802422,0.9756756756756756,0.9771495745633676,0.0
mlp,mts_archive,KickvsPunch,7.0,0.625,0.6,0.625,0.0
mlp,mts_archive,Libras,7.0,0.7914337124863441,0.7722222222222223,0.7722222222222221,0.0
mlp,mts_archive,NetFlow,7.0,0.5848482777474029,0.7490636704119851,0.550582627118644,0.0
mlp,mts_archive,UWave,7.0,0.906229948594786,0.9001870032725573,0.9001885785291751,0.0
mlp,mts_archive,Wafer,7.0,0.4469866071428572,0.8939732142857143,0.5,0.0
mlp,mts_archive,WalkvsRun,7.0,0.375,0.75,0.5,0.0
mlp,mts_archive,ArabicDigits,8.0,0.9703739700537326,0.9695454545454546,0.9695454545454544,0.0
mlp,mts_archive,AUSLAN,8.0,0.9385477963728738,0.9256140350877192,0.9256140350877192,0.0
mlp,mts_archive,CharacterTrajectories,8.0,0.9721184001937726,0.9718530101641908,0.9695788689895594,0.0
mlp,mts_archive,CMUsubject16,8.0,1.0,1.0,1.0,0.0
mlp,mts_archive,ECG,8.0,0.8070409982174689,0.83,0.8116236996834012,0.0
mlp,mts_archive,JapaneseVowels,8.0,0.9699747727250768,0.972972972972973,0.9743717967855898,0.0
mlp,mts_archive,KickvsPunch,8.0,0.5833333333333333,0.6,0.5833333333333333,0.0
mlp,mts_archive,Libras,8.0,0.7941772606478489,0.7833333333333333,0.7833333333333332,0.0
mlp,mts_archive,NetFlow,8.0,0.3895131086142322,0.7790262172284644,0.5,0.0
mlp,mts_archive,UWave,8.0,0.9094088248020492,0.9029920523609164,0.9029918793097412,0.0
mlp,mts_archive,Wafer,8.0,0.4469866071428572,0.8939732142857143,0.5,0.0
mlp,mts_archive,WalkvsRun,8.0,0.375,0.75,0.5,0.0
mlp,mts_archive,ArabicDigits,9.0,0.9696979599923116,0.9690909090909092,0.9690909090909092,0.0
mlp,mts_archive,AUSLAN,9.0,0.9417130147295538,0.9284210526315788,0.9284210526315788,0.0
mlp,mts_archive,CharacterTrajectories,9.0,0.9694005365563724,0.9687255668491008,0.9654794942679958,0.0
mlp,mts_archive,CMUsubject16,9.0,0.2241379310344828,0.4482758620689655,0.5,0.0
mlp,mts_archive,ECG,9.0,0.8452547919588593,0.86,0.8340117593848937,0.0
mlp,mts_archive,JapaneseVowels,9.0,0.9735072784802422,0.9756756756756756,0.9771495745633676,0.0
mlp,mts_archive,KickvsPunch,9.0,0.3,0.6,0.5,0.0
mlp,mts_archive,Libras,9.0,0.8027106227106228,0.7888888888888889,0.7888888888888886,0.0
mlp,mts_archive,NetFlow,9.0,0.1104868913857678,0.2209737827715356,0.5,0.0
mlp,mts_archive,UWave,9.0,0.9067033753780456,0.9004207573632539,0.9004279113724667,0.0
mlp,mts_archive,Wafer,9.0,0.4469866071428572,0.8939732142857143,0.5,0.0
mlp,mts_archive,WalkvsRun,9.0,0.375,0.75,0.5,0.0
fcn,mts_archive,ArabicDigits,0.0,0.9927803978503004,0.9927272727272728,0.9927272727272728,0.0
fcn,mts_archive,AUSLAN,0.0,0.9828752594155068,0.9810526315789474,0.9810526315789474,0.0
fcn,mts_archive,CharacterTrajectories,0.0,0.9886204390937876,0.9898358092259578,0.9885418465009921,0.0
fcn,mts_archive,CMUsubject16,0.0,1.0,1.0,1.0,0.0
fcn,mts_archive,ECG,0.0,0.873885918003565,0.89,0.8794663048394391,0.0
fcn,mts_archive,JapaneseVowels,0.0,0.9905217717717716,0.991891891891892,0.9923807035876,0.0
fcn,mts_archive,KickvsPunch,0.0,0.2,0.4,0.5,0.0
fcn,mts_archive,Libras,0.0,0.9750915750915752,0.9722222222222222,0.9722222222222222,0.0
fcn,mts_archive,NetFlow,0.0,0.8565280464216634,0.8876404494382022,0.8003992829204694,0.0
fcn,mts_archive,UWave,0.0,0.927535083699328,0.9277699859747546,0.927768735342504,0.0
fcn,mts_archive,Wafer,0.0,0.9293514685590379,0.9732142857142856,0.9293514685590379,0.0
fcn,mts_archive,WalkvsRun,0.0,1.0,1.0,1.0,0.0
fcn,mts_archive,ArabicDigits,1.0,0.9941273525750548,0.9940909090909092,0.9940909090909092,0.0
fcn,mts_archive,AUSLAN,1.0,0.9820884372055456,0.9789473684210528,0.9789473684210528,0.0
fcn,mts_archive,CharacterTrajectories,1.0,0.9887265729165065,0.9898358092259578,0.9887824809007733,0.0
fcn,mts_archive,CMUsubject16,1.0,1.0,1.0,1.0,0.0
fcn,mts_archive,ECG,1.0,0.8417005879692447,0.86,0.8417005879692447,0.0
fcn,mts_archive,JapaneseVowels,1.0,0.9934413580246912,0.9945945945945946,0.9936433298502264,0.0
fcn,mts_archive,KickvsPunch,1.0,0.4166666666666666,0.4,0.4166666666666666,0.0
fcn,mts_archive,Libras,1.0,0.9746642246642246,0.9722222222222222,0.972222222222222,0.0
fcn,mts_archive,NetFlow,1.0,0.8523703041144901,0.8913857677902621,0.8210153194263363,0.0
fcn,mts_archive,UWave,1.0,0.9343485305730548,0.934315100514259,0.9343160418635584,0.0
fcn,mts_archive,Wafer,1.0,0.9588571905935424,0.9799107142857144,0.9330967869110981,0.0
fcn,mts_archive,WalkvsRun,1.0,1.0,1.0,1.0,0.0
fcn,mts_archive,ArabicDigits,2.0,0.9928184711174632,0.9927272727272728,0.9927272727272728,0.0
fcn,mts_archive,AUSLAN,2.0,0.9810129543808371,0.9775438596491228,0.9775438596491228,0.0
fcn,mts_archive,CharacterTrajectories,2.0,0.9888143456020088,0.9898358092259578,0.9886525872095588,0.0
fcn,mts_archive,CMUsubject16,2.0,1.0,1.0,1.0,0.0
fcn,mts_archive,ECG,2.0,0.8601458601458601,0.88,0.879692446856626,0.0
fcn,mts_archive,JapaneseVowels,2.0,0.9868999132998992,0.9891891891891892,0.9911180773249738,0.0
fcn,mts_archive,KickvsPunch,2.0,0.2777777777777778,0.5,0.4166666666666667,0.0
fcn,mts_archive,Libras,2.0,0.9595848595848596,0.9555555555555556,0.9555555555555556,0.0
fcn,mts_archive,NetFlow,2.0,0.8521596963391489,0.8895131086142322,0.813742666232073,0.0
fcn,mts_archive,UWave,2.0,0.9384478791599836,0.9385226741467976,0.9385233994889566,0.0
fcn,mts_archive,Wafer,2.0,0.9830670567056704,0.9877232142857144,0.951383139496682,0.0
fcn,mts_archive,WalkvsRun,2.0,1.0,1.0,1.0,0.0
fcn,mts_archive,ArabicDigits,3.0,0.994168275173452,0.9940909090909092,0.9940909090909092,0.0
fcn,mts_archive,AUSLAN,3.0,0.9808873008805704,0.9768421052631578,0.976842105263158,0.0
fcn,mts_archive,CharacterTrajectories,3.0,0.9903074228558164,0.9913995308835029,0.9902772288098376,0.0
fcn,mts_archive,CMUsubject16,3.0,1.0,1.0,1.0,0.0
fcn,mts_archive,ECG,3.0,0.8386958386958387,0.86,0.8570782451379466,0.0
fcn,mts_archive,JapaneseVowels,3.0,0.992824074074074,0.9945945945945946,0.9936433298502264,0.0
fcn,mts_archive,KickvsPunch,3.0,0.4166666666666666,0.4,0.4166666666666666,0.0
fcn,mts_archive,Libras,3.0,0.96996336996337,0.9666666666666668,0.9666666666666666,0.0
fcn,mts_archive,NetFlow,3.0,0.8655321660436751,0.8913857677902621,0.8028031290743155,0.0
fcn,mts_archive,UWave,3.0,0.9347258076321986,0.9345488546049556,0.934557999929994,0.0
fcn,mts_archive,Wafer,3.0,0.9823252774107384,0.9866071428571428,0.946119981601945,0.0
fcn,mts_archive,WalkvsRun,3.0,1.0,1.0,1.0,0.0
fcn,mts_archive,ArabicDigits,4.0,0.9959718995013112,0.9959090909090909,0.9959090909090909,0.0
fcn,mts_archive,AUSLAN,4.0,0.9812456140350876,0.9768421052631578,0.976842105263158,0.0
fcn,mts_archive,CharacterTrajectories,4.0,0.9869748097946998,0.9882720875684128,0.9868599966026136,0.0
fcn,mts_archive,CMUsubject16,4.0,1.0,1.0,1.0,0.0
fcn,mts_archive,ECG,4.0,0.8547794117647058,0.87,0.8491632745364088,0.0
fcn,mts_archive,JapaneseVowels,4.0,0.9896099404001704,0.991891891891892,0.991421107628004,0.0
fcn,mts_archive,KickvsPunch,4.0,0.7916666666666667,0.8,0.7916666666666667,0.0
fcn,mts_archive,Libras,4.0,0.9735042735042736,0.9722222222222222,0.972222222222222,0.0
fcn,mts_archive,NetFlow,4.0,0.8521640091116174,0.8857677902621723,0.7991973598435462,0.0
fcn,mts_archive,UWave,4.0,0.9348196208286528,0.9350163627863488,0.9350165389058069,0.0
fcn,mts_archive,Wafer,4.0,0.9422916666666667,0.9787946428571428,0.9463893816939352,0.0
fcn,mts_archive,WalkvsRun,4.0,1.0,1.0,1.0,0.0
fcn,mts_archive,ArabicDigits,5.0,0.9932349983945871,0.9931818181818182,0.9931818181818184,0.0
fcn,mts_archive,AUSLAN,5.0,0.975051134027018,0.9719298245614036,0.9719298245614036,0.0
fcn,mts_archive,CharacterTrajectories,5.0,0.9886095780679032,0.9898358092259578,0.9886502986918289,0.0
fcn,mts_archive,CMUsubject16,5.0,1.0,1.0,1.0,0.0
fcn,mts_archive,ECG,5.0,0.8715277777777778,0.89,0.8871551334237902,0.0
fcn,mts_archive,JapaneseVowels,5.0,0.9934413580246912,0.9945945945945946,0.9936433298502264,0.0
fcn,mts_archive,KickvsPunch,5.0,0.5625,0.6,0.5416666666666667,0.0
fcn,mts_archive,Libras,5.0,0.9695360195360196,0.9666666666666668,0.9666666666666668,0.0
fcn,mts_archive,NetFlow,5.0,0.8649682292291092,0.8932584269662921,0.8100757822685789,0.0
fcn,mts_archive,UWave,5.0,0.9348168814997038,0.9347826086956522,0.934781581434422,0.0
fcn,mts_archive,Wafer,5.0,0.9893676867686768,0.9899553571428572,0.957270517116762,0.0
fcn,mts_archive,WalkvsRun,5.0,1.0,1.0,1.0,0.0
fcn,mts_archive,ArabicDigits,6.0,0.9941296541159952,0.9940909090909092,0.9940909090909092,0.0
fcn,mts_archive,AUSLAN,6.0,0.9750063938618924,0.9705263157894736,0.9705263157894736,0.0
fcn,mts_archive,CharacterTrajectories,6.0,0.9875166961519032,0.9890539483971852,0.9878352137334908,0.0
fcn,mts_archive,CMUsubject16,6.0,1.0,1.0,1.0,0.0
fcn,mts_archive,ECG,6.0,0.8601458601458601,0.88,0.879692446856626,0.0
fcn,mts_archive,JapaneseVowels,6.0,0.9934413580246912,0.9945945945945946,0.9936433298502264,0.0
fcn,mts_archive,KickvsPunch,6.0,0.625,0.6,0.625,0.0
fcn,mts_archive,Libras,6.0,0.9644078144078144,0.9611111111111112,0.9611111111111109,0.0
fcn,mts_archive,NetFlow,6.0,0.8720981703718277,0.8951310861423221,0.8082423402868318,0.0
fcn,mts_archive,UWave,6.0,0.9354806354634132,0.935483870967742,0.9354851412370052,0.0
fcn,mts_archive,Wafer,6.0,0.9529009790393588,0.9821428571428572,0.9529009790393588,0.0
fcn,mts_archive,WalkvsRun,6.0,1.0,1.0,1.0,0.0
fcn,mts_archive,ArabicDigits,7.0,0.9959598845421164,0.9959090909090909,0.9959090909090909,0.0
fcn,mts_archive,AUSLAN,7.0,0.9785638896707008,0.975438596491228,0.9754385964912282,0.0
fcn,mts_archive,CharacterTrajectories,7.0,0.9884655242164948,0.9898358092259578,0.9888550453511488,0.0
fcn,mts_archive,CMUsubject16,7.0,1.0,1.0,1.0,0.0
fcn,mts_archive,ECG,7.0,0.8417005879692447,0.86,0.8417005879692447,0.0
fcn,mts_archive,JapaneseVowels,7.0,0.9934413580246912,0.9945945945945946,0.9936433298502264,0.0
fcn,mts_archive,KickvsPunch,7.0,0.7,0.7,0.7083333333333333,0.0
fcn,mts_archive,Libras,7.0,0.9590798090798092,0.9555555555555556,0.9555555555555556,0.0
fcn,mts_archive,NetFlow,7.0,0.849996461346104,0.8857677902621723,0.8022327249022164,0.0
fcn,mts_archive,UWave,7.0,0.9327041461876036,0.9326788218793828,0.9326761524729602,0.0
fcn,mts_archive,Wafer,7.0,0.970465796579658,0.9832589285714286,0.9396083842565216,0.0
fcn,mts_archive,WalkvsRun,7.0,1.0,1.0,1.0,0.0
fcn,mts_archive,ArabicDigits,8.0,0.995059021198727,0.995,0.995,0.0
fcn,mts_archive,AUSLAN,8.0,0.9763388108279748,0.9705263157894736,0.970526315789474,0.0
fcn,mts_archive,CharacterTrajectories,8.0,0.9888958206453552,0.9902267396403441,0.9889465697346131,0.0
fcn,mts_archive,CMUsubject16,8.0,1.0,1.0,1.0,0.0
fcn,mts_archive,ECG,8.0,0.85,0.87,0.8799185888738128,0.0
fcn,mts_archive,JapaneseVowels,8.0,0.9912627087872186,0.991891891891892,0.9923807035876,0.0
fcn,mts_archive,KickvsPunch,8.0,0.7222222222222222,0.5,0.5833333333333334,0.0
fcn,mts_archive,Libras,8.0,0.9584249084249084,0.9555555555555556,0.9555555555555554,0.0
fcn,mts_archive,NetFlow,8.0,0.8585545754995731,0.897003745318352,0.833727183833116,0.0
fcn,mts_archive,UWave,8.0,0.9375085548228594,0.9375876577840112,0.9375853197521791,0.0
fcn,mts_archive,Wafer,8.0,0.9422916666666667,0.9787946428571428,0.9463893816939352,0.0
fcn,mts_archive,WalkvsRun,8.0,1.0,1.0,1.0,0.0
fcn,mts_archive,ArabicDigits,9.0,0.9945737331528792,0.9945454545454544,0.9945454545454544,0.0
fcn,mts_archive,AUSLAN,9.0,0.9787869236176544,0.9747368421052632,0.9747368421052632,0.0
fcn,mts_archive,CharacterTrajectories,9.0,0.9890490623663564,0.9902267396403441,0.9890354781259212,0.0
fcn,mts_archive,CMUsubject16,9.0,1.0,1.0,1.0,0.0
fcn,mts_archive,ECG,9.0,0.8386958386958387,0.86,0.8570782451379466,0.0
fcn,mts_archive,JapaneseVowels,9.0,0.9896099404001704,0.991891891891892,0.9923807035876,0.0
fcn,mts_archive,KickvsPunch,9.0,0.5,0.5,0.5,0.0
fcn,mts_archive,Libras,9.0,0.9644078144078144,0.9611111111111112,0.9611111111111109,0.0
fcn,mts_archive,NetFlow,9.0,0.8521596963391489,0.8895131086142322,0.813742666232073,0.0
fcn,mts_archive,UWave,9.0,0.9317213158259086,0.9319775596072932,0.9319747803563304,0.0
fcn,mts_archive,Wafer,9.0,0.9577784262747386,0.9832589285714286,0.9535251987647021,0.0
fcn,mts_archive,WalkvsRun,9.0,1.0,1.0,1.0,0.0
resnet,mts_archive,ArabicDigits,0.0,0.993275201580398,0.9931818181818182,0.9931818181818182,0.0
resnet,mts_archive,AUSLAN,0.0,0.9791572849235388,0.975438596491228,0.975438596491228,0.0
resnet,mts_archive,CharacterTrajectories,0.0,0.991048607582432,0.9921813917122752,0.9911402456239412,0.0
resnet,mts_archive,CMUsubject16,0.0,1.0,1.0,1.0,0.0
resnet,mts_archive,ECG,0.0,0.8643147896879241,0.88,0.8643147896879241,0.0
resnet,mts_archive,JapaneseVowels,0.0,0.9828748395497944,0.9864864864864864,0.9875338479342928,0.0
resnet,mts_archive,KickvsPunch,0.0,0.7222222222222222,0.5,0.5833333333333334,0.0
resnet,mts_archive,Libras,0.0,0.9695360195360196,0.9666666666666668,0.9666666666666666,0.0
resnet,mts_archive,NetFlow,0.0,0.832184352063709,0.8595505617977528,0.7277338657105606,0.0
resnet,mts_archive,UWave,0.0,0.9292410873275674,0.9294062646096308,0.9294064370471491,0.0
resnet,mts_archive,Wafer,0.0,0.990044971666458,0.9910714285714286,0.9625336750114988,0.0
resnet,mts_archive,WalkvsRun,0.0,1.0,1.0,1.0,0.0
resnet,mts_archive,ArabicDigits,1.0,0.9955115281711168,0.9954545454545456,0.9954545454545456,0.0
resnet,mts_archive,AUSLAN,1.0,0.9725801133850668,0.9684210526315791,0.9684210526315792,0.0
resnet,mts_archive,CharacterTrajectories,1.0,0.9868681743830297,0.9882720875684128,0.98677293720772,0.0
resnet,mts_archive,CMUsubject16,1.0,1.0,1.0,1.0,0.0
resnet,mts_archive,ECG,1.0,0.8643147896879241,0.88,0.8643147896879241,0.0
resnet,mts_archive,JapaneseVowels,1.0,0.9874312911626976,0.9891891891891892,0.9911180773249738,0.0
resnet,mts_archive,KickvsPunch,1.0,0.5476190476190476,0.5,0.5416666666666666,0.0
resnet,mts_archive,Libras,1.0,0.9440814740814741,0.9388888888888888,0.9388888888888888,0.0
resnet,mts_archive,NetFlow,1.0,0.5532807602871297,0.3089887640449438,0.5322074641460235,0.0
resnet,mts_archive,UWave,1.0,0.9240378657732105,0.9242636746143056,0.924264062445308,0.0
resnet,mts_archive,Wafer,1.0,0.9845464571271024,0.9899553571428572,0.9619094552861556,0.0
resnet,mts_archive,WalkvsRun,1.0,1.0,1.0,1.0,0.0
resnet,mts_archive,ArabicDigits,2.0,0.9964044396647932,0.9963636363636365,0.9963636363636365,0.0
resnet,mts_archive,AUSLAN,2.0,0.977325009916667,0.9733333333333334,0.9733333333333334,0.0
resnet,mts_archive,CharacterTrajectories,2.0,0.9870927061831486,0.9886630179827992,0.9870818040654996,0.0
resnet,mts_archive,CMUsubject16,2.0,1.0,1.0,1.0,0.0
resnet,mts_archive,ECG,2.0,0.8547794117647058,0.87,0.8491632745364088,0.0
resnet,mts_archive,JapaneseVowels,2.0,0.9934413580246912,0.9945945945945946,0.9936433298502264,0.0
resnet,mts_archive,KickvsPunch,2.0,0.7222222222222222,0.5,0.5833333333333334,0.0
resnet,mts_archive,Libras,2.0,0.9552702852702856,0.95,0.95,0.0
resnet,mts_archive,NetFlow,2.0,0.6094849054130805,0.3052434456928839,0.5510511734028684,0.0
resnet,mts_archive,UWave,2.0,0.926514663891152,0.9266012155212716,0.9265996359690574,0.0
resnet,mts_archive,Wafer,2.0,0.9845464571271024,0.9899553571428572,0.9619094552861556,0.0
resnet,mts_archive,WalkvsRun,2.0,1.0,1.0,1.0,0.0
resnet,mts_archive,ArabicDigits,3.0,0.996860896125602,0.9968181818181818,0.9968181818181818,0.0
resnet,mts_archive,AUSLAN,3.0,0.9782388122713199,0.9747368421052632,0.9747368421052632,0.0
resnet,mts_archive,CharacterTrajectories,3.0,0.9901635840032628,0.9913995308835029,0.9902267859576706,0.0
resnet,mts_archive,CMUsubject16,3.0,0.9705882352941176,0.9655172413793104,0.9615384615384616,0.0
resnet,mts_archive,ECG,3.0,0.8516042780748663,0.87,0.8568521031207599,0.0
resnet,mts_archive,JapaneseVowels,3.0,0.9896099404001704,0.991891891891892,0.9923807035876,0.0
resnet,mts_archive,KickvsPunch,3.0,0.5,0.5,0.5,0.0
resnet,mts_archive,Libras,3.0,0.9741591741591742,0.9722222222222222,0.9722222222222222,0.0
resnet,mts_archive,NetFlow,3.0,0.6786385688295937,0.7415730337078652,0.7400382985658409,0.0
resnet,mts_archive,UWave,3.0,0.925418439310794,0.9256661991584852,0.9256611186950892,0.0
resnet,mts_archive,Wafer,3.0,0.9791686574295272,0.9888392857142856,0.961285235560812,0.0
resnet,mts_archive,WalkvsRun,3.0,1.0,1.0,1.0,0.0
resnet,mts_archive,ArabicDigits,4.0,0.996860896125602,0.9968181818181818,0.9968181818181818,0.0
resnet,mts_archive,AUSLAN,4.0,0.9792862057103542,0.9747368421052632,0.9747368421052632,0.0
resnet,mts_archive,CharacterTrajectories,4.0,0.9919926012290332,0.9929632525410476,0.9920214568040654,0.0
resnet,mts_archive,CMUsubject16,4.0,1.0,1.0,1.0,0.0
resnet,mts_archive,ECG,4.0,0.8395604395604396,0.86,0.8493894165535957,0.0
resnet,mts_archive,JapaneseVowels,4.0,0.9934413580246912,0.9945945945945946,0.9936433298502264,0.0
resnet,mts_archive,KickvsPunch,4.0,0.2,0.4,0.5,0.0
resnet,mts_archive,Libras,4.0,0.967871017871018,0.9666666666666668,0.9666666666666666,0.0
resnet,mts_archive,NetFlow,4.0,0.6341686911307165,0.6011235955056179,0.6923891786179922,0.0
resnet,mts_archive,UWave,4.0,0.9237883714394148,0.9233286582515194,0.923315919353145,0.0
resnet,mts_archive,Wafer,4.0,0.9356030150753768,0.9787946428571428,0.9556672580327222,0.0
resnet,mts_archive,WalkvsRun,4.0,1.0,1.0,1.0,0.0
resnet,mts_archive,ArabicDigits,5.0,0.9941231641813868,0.9940909090909092,0.9940909090909092,0.0
resnet,mts_archive,AUSLAN,5.0,0.9802150764612064,0.9768421052631578,0.976842105263158,0.0
resnet,mts_archive,CharacterTrajectories,5.0,0.9899131519411402,0.9910086004691164,0.989819154275676,0.0
resnet,mts_archive,CMUsubject16,5.0,1.0,1.0,1.0,0.0
resnet,mts_archive,ECG,5.0,0.8318014705882353,0.85,0.8265490728177296,0.0
resnet,mts_archive,JapaneseVowels,5.0,0.9891678537511872,0.9891891891891892,0.9911180773249738,0.0
resnet,mts_archive,KickvsPunch,5.0,0.5,0.5,0.5,0.0
resnet,mts_archive,Libras,5.0,0.9506471306471308,0.9444444444444444,0.9444444444444444,0.0
resnet,mts_archive,NetFlow,5.0,0.8863952252473224,0.8932584269662921,0.7888282268578879,0.0
resnet,mts_archive,UWave,5.0,0.9245962795727783,0.9247311827956988,0.9247322272393154,0.0
resnet,mts_archive,Wafer,5.0,0.9893676867686768,0.9899553571428572,0.957270517116762,0.0
resnet,mts_archive,WalkvsRun,5.0,1.0,1.0,1.0,0.0
resnet,mts_archive,ArabicDigits,6.0,0.9963942847891676,0.9963636363636365,0.9963636363636365,0.0
resnet,mts_archive,AUSLAN,6.0,0.9791498407143177,0.9740350877192984,0.9740350877192984,0.0
resnet,mts_archive,CharacterTrajectories,6.0,0.9905588699530522,0.9917904612978891,0.9906973461321288,0.0
resnet,mts_archive,CMUsubject16,6.0,1.0,1.0,1.0,0.0
resnet,mts_archive,ECG,6.0,0.8417005879692447,0.86,0.8417005879692447,0.0
resnet,mts_archive,JapaneseVowels,6.0,0.9934413580246912,0.9945945945945946,0.9936433298502264,0.0
resnet,mts_archive,KickvsPunch,6.0,0.625,0.6,0.625,0.0
resnet,mts_archive,Libras,6.0,0.9590598290598292,0.9555555555555556,0.9555555555555556,0.0
resnet,mts_archive,NetFlow,6.0,0.6267698104590089,0.5880149812734082,0.6809403520208605,0.0
resnet,mts_archive,UWave,6.0,0.918167284830108,0.917952314165498,0.9179495257096852,0.0
resnet,mts_archive,Wafer,6.0,0.9956683168316832,0.9921875,0.963157894736842,0.0
resnet,mts_archive,WalkvsRun,6.0,1.0,1.0,1.0,0.0
resnet,mts_archive,ArabicDigits,7.0,0.9950490666792432,0.995,0.995,0.0
resnet,mts_archive,AUSLAN,7.0,0.9794141771541152,0.9761403508771931,0.9761403508771931,0.0
resnet,mts_archive,CharacterTrajectories,7.0,0.9874827363546032,0.9890539483971852,0.9876173615032312,0.0
resnet,mts_archive,CMUsubject16,7.0,1.0,1.0,1.0,0.0
resnet,mts_archive,ECG,7.0,0.8715277777777778,0.89,0.8871551334237902,0.0
resnet,mts_archive,JapaneseVowels,7.0,0.9906846240179574,0.991891891891892,0.994949494949495,0.0
resnet,mts_archive,KickvsPunch,7.0,0.5,0.5,0.5,0.0
resnet,mts_archive,Libras,7.0,0.9552702852702852,0.95,0.95,0.0
resnet,mts_archive,NetFlow,7.0,0.6005506607929515,0.3558052434456929,0.5743970013037809,0.0
resnet,mts_archive,UWave,7.0,0.932685279547049,0.9326788218793828,0.9326765900101508,0.0
resnet,mts_archive,Wafer,7.0,0.9845464571271024,0.9899553571428572,0.9619094552861556,0.0
resnet,mts_archive,WalkvsRun,7.0,1.0,1.0,1.0,0.0
resnet,mts_archive,ArabicDigits,8.0,0.9968488302437128,0.9968181818181818,0.9968181818181818,0.0
resnet,mts_archive,AUSLAN,8.0,0.9792251461988304,0.975438596491228,0.9754385964912282,0.0
resnet,mts_archive,CharacterTrajectories,8.0,0.986615108783472,0.9882720875684128,0.9866324436433132,0.0
resnet,mts_archive,CMUsubject16,8.0,1.0,1.0,1.0,0.0
resnet,mts_archive,ECG,8.0,0.8293226381461676,0.85,0.8342379014020804,0.0
resnet,mts_archive,JapaneseVowels,8.0,0.9932098765432098,0.9945945945945946,0.9962121212121212,0.0
resnet,mts_archive,KickvsPunch,8.0,0.7857142857142857,0.7,0.75,0.0
resnet,mts_archive,Libras,8.0,0.959079809079809,0.9555555555555556,0.9555555555555556,0.0
resnet,mts_archive,NetFlow,8.0,0.8902586975914362,0.8707865168539326,0.7228039439374185,0.0
resnet,mts_archive,UWave,8.0,0.9283058078836176,0.9282374941561478,0.9282320872274143,0.0
resnet,mts_archive,Wafer,8.0,0.9783705541770058,0.9877232142857144,0.9560220776660752,0.0
resnet,mts_archive,WalkvsRun,8.0,1.0,1.0,1.0,0.0
resnet,mts_archive,ArabicDigits,9.0,0.9946579325952222,0.9945454545454544,0.9945454545454544,0.0
resnet,mts_archive,AUSLAN,9.0,0.9748826870629056,0.9705263157894736,0.970526315789474,0.0
resnet,mts_archive,CharacterTrajectories,9.0,0.9893926030942776,0.9906176700547302,0.9893266516092604,0.0
resnet,mts_archive,CMUsubject16,9.0,1.0,1.0,1.0,0.0
resnet,mts_archive,ECG,9.0,0.8417005879692447,0.86,0.8417005879692447,0.0
resnet,mts_archive,JapaneseVowels,9.0,0.9862599724668688,0.9891891891891892,0.9892061004129971,0.0
resnet,mts_archive,KickvsPunch,9.0,0.4166666666666666,0.4,0.4166666666666666,0.0
resnet,mts_archive,Libras,9.0,0.9488233988233988,0.9444444444444444,0.9444444444444444,0.0
resnet,mts_archive,NetFlow,9.0,0.6217309035208254,0.7471910112359551,0.6100880052151239,0.0
resnet,mts_archive,UWave,9.0,0.9260148621397504,0.9256661991584852,0.9256624313066609,0.0
resnet,mts_archive,Wafer,9.0,0.9730530339225992,0.9866071428571428,0.9553978579407321,0.0
resnet,mts_archive,WalkvsRun,9.0,1.0,1.0,1.0,0.0
encoder,mts_archive,ArabicDigits,0.0,0.9792695252850928,0.9790909090909092,0.9790909090909092,0.0
encoder,mts_archive,AUSLAN,0.0,0.9473982538773971,0.936842105263158,0.936842105263158,0.0
encoder,mts_archive,CharacterTrajectories,0.0,0.9693343332430208,0.9687255668491008,0.9661145259297608,0.0
encoder,mts_archive,CMUsubject16,0.0,0.9642857142857144,0.9655172413793104,0.96875,0.0
encoder,mts_archive,ECG,0.0,0.8777573529411764,0.89,0.8717774762550883,0.0
encoder,mts_archive,JapaneseVowels,0.0,0.9652787492054624,0.9675675675675676,0.9731527093596058,0.0
encoder,mts_archive,KickvsPunch,0.0,0.625,0.6,0.625,0.0
encoder,mts_archive,Libras,0.0,0.7999028749028748,0.7888888888888889,0.7888888888888891,0.0
encoder,mts_archive,NetFlow,0.0,0.3895131086142322,0.7790262172284644,0.5,0.0
encoder,mts_archive,UWave,0.0,0.9045183038908924,0.90205703599813,0.902057299870489,0.0
encoder,mts_archive,Wafer,0.0,0.9808370203815188,0.984375,0.9355936658124712,0.0
encoder,mts_archive,WalkvsRun,0.0,1.0,1.0,1.0,0.0
encoder,mts_archive,ArabicDigits,1.0,0.9805732023098294,0.98,0.98,0.0
encoder,mts_archive,AUSLAN,1.0,0.941488880479022,0.9333333333333332,0.9333333333333332,0.0
encoder,mts_archive,CharacterTrajectories,1.0,0.9714630124569448,0.9710711493354184,0.9681417374052084,0.0
encoder,mts_archive,CMUsubject16,1.0,0.9642857142857144,0.9655172413793104,0.96875,0.0
encoder,mts_archive,ECG,1.0,0.8595238095238096,0.87,0.8414744459520579,0.0
encoder,mts_archive,JapaneseVowels,1.0,0.976284348864994,0.9810810810810808,0.9822436184505148,0.0
encoder,mts_archive,KickvsPunch,1.0,0.625,0.6,0.625,0.0
encoder,mts_archive,Libras,1.0,0.7780896880896881,0.7777777777777778,0.7777777777777778,0.0
encoder,mts_archive,NetFlow,1.0,0.3895131086142322,0.7790262172284644,0.5,0.0
encoder,mts_archive,UWave,1.0,0.9046894171348872,0.9029920523609164,0.9029809408799748,0.0
encoder,mts_archive,Wafer,1.0,0.9823252774107384,0.9866071428571428,0.946119981601945,0.0
encoder,mts_archive,WalkvsRun,1.0,1.0,1.0,1.0,0.0
encoder,mts_archive,ArabicDigits,2.0,0.9814500905647732,0.9813636363636364,0.9813636363636364,0.0
encoder,mts_archive,AUSLAN,2.0,0.9575811250457404,0.9473684210526316,0.9473684210526316,0.0
encoder,mts_archive,CharacterTrajectories,2.0,0.974430359152938,0.9730258014073496,0.9699040714399492,0.0
encoder,mts_archive,CMUsubject16,2.0,1.0,1.0,1.0,0.0
encoder,mts_archive,ECG,2.0,0.8516042780748663,0.87,0.8568521031207599,0.0
encoder,mts_archive,JapaneseVowels,2.0,0.9740843527346076,0.9756756756756756,0.9788525650594616,0.0
encoder,mts_archive,KickvsPunch,2.0,0.7,0.7,0.7083333333333333,0.0
encoder,mts_archive,Libras,2.0,0.7910445110445111,0.7833333333333333,0.7833333333333333,0.0
encoder,mts_archive,NetFlow,2.0,0.3895131086142322,0.7790262172284644,0.5,0.0
encoder,mts_archive,UWave,2.0,0.9166223192856284,0.913978494623656,0.9139771255556722,0.0
encoder,mts_archive,Wafer,2.0,0.9823252774107384,0.9866071428571428,0.946119981601945,0.0
encoder,mts_archive,WalkvsRun,2.0,1.0,1.0,1.0,0.0
encoder,mts_archive,ArabicDigits,3.0,0.9815967062703124,0.9813636363636364,0.9813636363636364,0.0
encoder,mts_archive,AUSLAN,3.0,0.952523877142176,0.9438596491228072,0.9438596491228072,0.0
encoder,mts_archive,CharacterTrajectories,3.0,0.968374071226174,0.9667709147771696,0.9640379021686074,0.0
encoder,mts_archive,CMUsubject16,3.0,0.9642857142857144,0.9655172413793104,0.96875,0.0
encoder,mts_archive,ECG,3.0,0.8452547919588593,0.86,0.8340117593848937,0.0
encoder,mts_archive,JapaneseVowels,3.0,0.9830137830137832,0.9837837837837838,0.9854182216251179,0.0
encoder,mts_archive,KickvsPunch,3.0,0.625,0.6,0.625,0.0
encoder,mts_archive,Libras,3.0,0.8016550116550117,0.7888888888888889,0.7888888888888891,0.0
encoder,mts_archive,NetFlow,3.0,0.3895131086142322,0.7790262172284644,0.5,0.0
encoder,mts_archive,UWave,3.0,0.9068473802083568,0.904862085086489,0.904859725576674,0.0
encoder,mts_archive,Wafer,3.0,0.9808370203815188,0.984375,0.9355936658124712,0.0
encoder,mts_archive,WalkvsRun,3.0,1.0,1.0,1.0,0.0
encoder,mts_archive,ArabicDigits,4.0,0.9788854390840992,0.9786363636363636,0.9786363636363636,0.0
encoder,mts_archive,AUSLAN,4.0,0.9494507437170616,0.9403508771929824,0.9403508771929824,0.0
encoder,mts_archive,CharacterTrajectories,4.0,0.9719315545001284,0.9718530101641908,0.9684851216158272,0.0
encoder,mts_archive,CMUsubject16,4.0,1.0,1.0,1.0,0.0
encoder,mts_archive,ECG,4.0,0.8516042780748663,0.87,0.8568521031207599,0.0
encoder,mts_archive,JapaneseVowels,4.0,0.9695551125370768,0.9702702702702702,0.974415335622232,0.0
encoder,mts_archive,KickvsPunch,4.0,0.5476190476190476,0.5,0.5416666666666666,0.0
encoder,mts_archive,Libras,4.0,0.7955572205572206,0.7944444444444444,0.7944444444444444,0.0
encoder,mts_archive,NetFlow,4.0,0.3895131086142322,0.7790262172284644,0.5,0.0
encoder,mts_archive,UWave,4.0,0.9114218718075316,0.910004675081814,0.9099981623437992,0.0
encoder,mts_archive,Wafer,4.0,0.970465796579658,0.9832589285714286,0.9396083842565216,0.0
encoder,mts_archive,WalkvsRun,4.0,1.0,1.0,1.0,0.0
encoder,mts_archive,ArabicDigits,5.0,0.9812258179791232,0.980909090909091,0.9809090909090908,0.0
encoder,mts_archive,AUSLAN,5.0,0.9395440284282552,0.9319298245614036,0.9319298245614036,0.0
encoder,mts_archive,CharacterTrajectories,5.0,0.972373467588344,0.9714620797498046,0.9682670135744432,0.0
encoder,mts_archive,CMUsubject16,5.0,0.9302884615384616,0.9310344827586208,0.9302884615384616,0.0
encoder,mts_archive,ECG,5.0,0.8615384615384616,0.88,0.872003618272275,0.0
encoder,mts_archive,JapaneseVowels,5.0,0.9713823927410918,0.972972972972973,0.9769405881474847,0.0
encoder,mts_archive,KickvsPunch,5.0,0.625,0.6,0.625,0.0
encoder,mts_archive,Libras,5.0,0.7699873226189016,0.7611111111111111,0.7611111111111111,0.0
encoder,mts_archive,NetFlow,5.0,0.3895131086142322,0.7790262172284644,0.5,0.0
encoder,mts_archive,UWave,5.0,0.9142209678838216,0.9111734455352968,0.9111733872379152,0.0
encoder,mts_archive,Wafer,5.0,0.9873358961340392,0.9866071428571428,0.9414810434325512,0.0
encoder,mts_archive,WalkvsRun,5.0,1.0,1.0,1.0,0.0
encoder,mts_archive,ArabicDigits,6.0,0.9819304111326359,0.9818181818181818,0.9818181818181818,0.0
encoder,mts_archive,AUSLAN,6.0,0.9467479287590904,0.9410526315789474,0.9410526315789476,0.0
encoder,mts_archive,CharacterTrajectories,6.0,0.9706818428460974,0.970289288506646,0.9679415894774672,0.0
encoder,mts_archive,CMUsubject16,6.0,1.0,1.0,1.0,0.0
encoder,mts_archive,ECG,6.0,0.8516042780748663,0.87,0.8568521031207599,0.0
encoder,mts_archive,JapaneseVowels,6.0,0.9777012306424072,0.9810810810810808,0.9841555953624918,0.0
encoder,mts_archive,KickvsPunch,6.0,0.7,0.7,0.7083333333333333,0.0
encoder,mts_archive,Libras,6.0,0.7973926073926074,0.7888888888888889,0.7888888888888889,0.0
encoder,mts_archive,NetFlow,6.0,0.3895131086142322,0.7790262172284644,0.5,0.0
encoder,mts_archive,UWave,6.0,0.9077522438253296,0.904862085086489,0.9048601631138646,0.0
encoder,mts_archive,Wafer,6.0,0.9808370203815188,0.984375,0.9355936658124712,0.0
encoder,mts_archive,WalkvsRun,6.0,1.0,1.0,1.0,0.0
encoder,mts_archive,ArabicDigits,7.0,0.9810379459533678,0.980909090909091,0.9809090909090908,0.0
encoder,mts_archive,AUSLAN,7.0,0.9438154736891904,0.9326315789473684,0.9326315789473684,0.0
encoder,mts_archive,CharacterTrajectories,7.0,0.9716781482068766,0.9718530101641908,0.9688264161905245,0.0
encoder,mts_archive,CMUsubject16,7.0,1.0,1.0,1.0,0.0
encoder,mts_archive,ECG,7.0,0.8498263888888888,0.87,0.8645409317051108,0.0
encoder,mts_archive,JapaneseVowels,7.0,0.97006512006512,0.972972972972973,0.97719311340001,0.0
encoder,mts_archive,KickvsPunch,7.0,0.7916666666666667,0.8,0.7916666666666667,0.0
encoder,mts_archive,Libras,7.0,0.7983818958818958,0.7888888888888889,0.7888888888888891,0.0
encoder,mts_archive,NetFlow,7.0,0.5921792778080204,0.7659176029962547,0.5310462842242503,0.0
encoder,mts_archive,UWave,7.0,0.9103783036239288,0.9090696587190276,0.9090657705905002,0.0
encoder,mts_archive,Wafer,7.0,0.9808370203815188,0.984375,0.9355936658124712,0.0
encoder,mts_archive,WalkvsRun,7.0,1.0,1.0,1.0,0.0
encoder,mts_archive,ArabicDigits,8.0,0.982990723165981,0.9827272727272728,0.9827272727272728,0.0
encoder,mts_archive,AUSLAN,8.0,0.9504950013720942,0.9410526315789474,0.9410526315789476,0.0
encoder,mts_archive,CharacterTrajectories,8.0,0.970201322243122,0.970680218921032,0.9679010031896922,0.0
encoder,mts_archive,CMUsubject16,8.0,1.0,1.0,1.0,0.0
encoder,mts_archive,ECG,8.0,0.8516042780748663,0.87,0.8568521031207599,0.0
encoder,mts_archive,JapaneseVowels,8.0,0.9621916006545989,0.9675675675675676,0.9713866617871066,0.0
encoder,mts_archive,KickvsPunch,8.0,0.5,0.5,0.5,0.0
encoder,mts_archive,Libras,8.0,0.7965958605664487,0.7833333333333333,0.7833333333333332,0.0
encoder,mts_archive,NetFlow,8.0,0.3895131086142322,0.7790262172284644,0.5,0.0
encoder,mts_archive,UWave,8.0,0.9092758240594911,0.9062646096306686,0.9062637824215058,0.0
encoder,mts_archive,Wafer,8.0,0.98869045081909,0.9888392857142856,0.9520073592220252,0.0
encoder,mts_archive,WalkvsRun,8.0,1.0,1.0,1.0,0.0
encoder,mts_archive,ArabicDigits,9.0,0.9805769177619176,0.9804545454545456,0.9804545454545456,0.0
encoder,mts_archive,AUSLAN,9.0,0.9426278710155196,0.935438596491228,0.9354385964912282,0.0
encoder,mts_archive,CharacterTrajectories,9.0,0.9704090927105168,0.970289288506646,0.9675950466120092,0.0
encoder,mts_archive,CMUsubject16,9.0,1.0,1.0,1.0,0.0
encoder,mts_archive,ECG,9.0,0.8547794117647058,0.87,0.8491632745364088,0.0
encoder,mts_archive,JapaneseVowels,9.0,0.9830137830137832,0.9837837837837838,0.9854182216251179,0.0
encoder,mts_archive,KickvsPunch,9.0,0.5,0.5,0.5,0.0
encoder,mts_archive,Libras,9.0,0.7830125430125431,0.7777777777777778,0.7777777777777778,0.0
encoder,mts_archive,NetFlow,9.0,0.5699175824175824,0.7715355805243446,0.5103691329856583,0.0
encoder,mts_archive,UWave,9.0,0.9131568212411884,0.9109396914446004,0.9109384297665302,0.0
encoder,mts_archive,Wafer,9.0,0.9926199261992621,0.9866071428571428,0.936842105263158,0.0
encoder,mts_archive,WalkvsRun,9.0,1.0,1.0,1.0,0.0
mcnn,mts_archive,ArabicDigits,0.0,0.01,0.1,0.1,5.479456663131714
mcnn,mts_archive,AUSLAN,0.0,0.000110803324099723,0.010526315789473684,0.010526315789473684,4.487509489059448
mcnn,mts_archive,CharacterTrajectories,0.0,0.0030492572322126663,0.06098514464425332,0.05,6.819592237472534
mcnn,mts_archive,CMUsubject16,0.0,0.27586206896551724,0.5517241379310345,0.5,1.3496370315551758
mcnn,mts_archive,ECG,0.0,0.335,0.67,0.5,1.5188164710998535
mcnn,mts_archive,JapaneseVowels,0.0,0.0072072072072072065,0.06486486486486487,0.1111111111111111,1.4140229225158691
mcnn,mts_archive,KickvsPunch,0.0,0.3,0.6,0.5,1.4722588062286377
mcnn,mts_archive,Libras,0.0,0.004444444444444445,0.06666666666666668,0.06666666666666668,1.5678386688232422
mcnn,mts_archive,NetFlow,0.0,0.3895131086142322,0.7790262172284644,0.5,4.077378988265991
mcnn,mts_archive,UWave,0.0,0.015603085553997196,0.12482468443197756,0.125,14.091110467910767
mcnn,mts_archive,Wafer,0.0,0.4469866071428572,0.8939732142857143,0.5,3.0412476062774663
mcnn,mts_archive,WalkvsRun,0.0,0.375,0.75,0.5,9.639413595199583
mcnn,mts_archive,ArabicDigits,1.0,0.01,0.1,0.1,5.386852979660034
mcnn,mts_archive,AUSLAN,1.0,0.000110803324099723,0.010526315789473684,0.010526315789473684,3.993797063827514
mcnn,mts_archive,CharacterTrajectories,1.0,0.0023846755277560595,0.04769351055512119,0.05,5.938648462295532
mcnn,mts_archive,CMUsubject16,1.0,0.27586206896551724,0.5517241379310345,0.5,1.3664283752441406
mcnn,mts_archive,ECG,1.0,0.335,0.67,0.5,1.4833168983459473
mcnn,mts_archive,JapaneseVowels,1.0,0.015015015015015015,0.13513513513513514,0.1111111111111111,1.4629530906677246
mcnn,mts_archive,KickvsPunch,1.0,0.3,0.6,0.5,1.3360626697540283
mcnn,mts_archive,Libras,1.0,0.004444444444444445,0.06666666666666668,0.06666666666666668,1.6656858921051023
mcnn,mts_archive,NetFlow,1.0,0.3895131086142322,0.7790262172284644,0.5,4.673376798629762
mcnn,mts_archive,UWave,1.0,0.015603085553997196,0.12482468443197756,0.125,13.250654697418213
mcnn,mts_archive,Wafer,1.0,0.4469866071428572,0.8939732142857143,0.5,3.18312406539917
mcnn,mts_archive,WalkvsRun,1.0,0.375,0.75,0.5,2.6844158172607417
mcnn,mts_archive,ArabicDigits,2.0,0.01,0.1,0.1,5.39059042930603
mcnn,mts_archive,AUSLAN,2.0,0.000110803324099723,0.010526315789473684,0.010526315789473684,3.9229552745819087
mcnn,mts_archive,CharacterTrajectories,2.0,0.0027756059421422986,0.055512118842845966,0.05,6.47257137298584
mcnn,mts_archive,CMUsubject16,2.0,0.27586206896551724,0.5517241379310345,0.5,1.4766321182250977
mcnn,mts_archive,ECG,2.0,0.335,0.67,0.5,1.2580432891845703
mcnn,mts_archive,JapaneseVowels,2.0,0.0072072072072072065,0.06486486486486487,0.1111111111111111,1.6457357406616209
mcnn,mts_archive,KickvsPunch,2.0,0.2,0.4,0.5,2.0858402252197266
mcnn,mts_archive,Libras,2.0,0.004444444444444445,0.06666666666666668,0.06666666666666668,1.5036754608154297
mcnn,mts_archive,NetFlow,2.0,0.3895131086142322,0.7790262172284644,0.5,3.8116066455841056
mcnn,mts_archive,UWave,2.0,0.01563230481533427,0.12505843852267415,0.125,13.427845239639282
mcnn,mts_archive,Wafer,2.0,0.4469866071428572,0.8939732142857143,0.5,3.3399324417114262
mcnn,mts_archive,WalkvsRun,2.0,0.375,0.75,0.5,8.942036390304564
mcnn,mts_archive,ArabicDigits,3.0,0.01,0.1,0.1,5.344689130783081
mcnn,mts_archive,AUSLAN,3.0,0.000110803324099723,0.010526315789473684,0.010526315789473684,4.0406107902526855
mcnn,mts_archive,CharacterTrajectories,3.0,0.0030492572322126663,0.06098514464425332,0.05,6.5774781703948975
mcnn,mts_archive,CMUsubject16,3.0,0.2241379310344828,0.4482758620689655,0.5,1.4618065357208252
mcnn,mts_archive,ECG,3.0,0.335,0.67,0.5,1.4397554397583008
mcnn,mts_archive,JapaneseVowels,3.0,0.015015015015015015,0.13513513513513514,0.1111111111111111,1.5156195163726809
mcnn,mts_archive,KickvsPunch,3.0,0.2,0.4,0.5,1.3696308135986328
mcnn,mts_archive,Libras,3.0,0.004444444444444445,0.06666666666666668,0.06666666666666668,1.6848993301391602
mcnn,mts_archive,NetFlow,3.0,0.3895131086142322,0.7790262172284644,0.5,4.335447549819946
mcnn,mts_archive,UWave,3.0,0.01563230481533427,0.12505843852267415,0.125,13.882623672485352
mcnn,mts_archive,Wafer,3.0,0.4469866071428572,0.8939732142857143,0.5,2.9269678592681885
mcnn,mts_archive,WalkvsRun,3.0,0.375,0.75,0.5,7.811138391494751
mcnn,mts_archive,ArabicDigits,4.0,0.01,0.1,0.1,5.202071189880371
mcnn,mts_archive,AUSLAN,4.0,0.000110803324099723,0.010526315789473684,0.010526315789473684,3.858265399932861
mcnn,mts_archive,CharacterTrajectories,4.0,0.0027756059421422986,0.055512118842845966,0.05,6.809944152832031
mcnn,mts_archive,CMUsubject16,4.0,0.27586206896551724,0.5517241379310345,0.5,1.543189525604248
mcnn,mts_archive,ECG,4.0,0.335,0.67,0.5,1.5770013332366943
mcnn,mts_archive,JapaneseVowels,4.0,0.010510510510510513,0.0945945945945946,0.1111111111111111,1.5199141502380369
mcnn,mts_archive,KickvsPunch,4.0,0.2,0.4,0.5,1.7030074596405032
mcnn,mts_archive,Libras,4.0,0.004444444444444445,0.06666666666666668,0.06666666666666668,1.5277838706970217
mcnn,mts_archive,NetFlow,4.0,0.3895131086142322,0.7790262172284644,0.5,3.673410654067993
mcnn,mts_archive,UWave,4.0,0.01563230481533427,0.12505843852267415,0.125,15.027862787246704
mcnn,mts_archive,Wafer,4.0,0.4469866071428572,0.8939732142857143,0.5,3.167607069015503
mcnn,mts_archive,WalkvsRun,4.0,0.375,0.75,0.5,2.3292815685272217
mcnn,mts_archive,ArabicDigits,5.0,0.01,0.1,0.1,4.879069089889526
mcnn,mts_archive,AUSLAN,5.0,0.000110803324099723,0.010526315789473684,0.010526315789473684,4.393125057220459
mcnn,mts_archive,CharacterTrajectories,5.0,0.0021305707584050038,0.04261141516810008,0.05,5.95016622543335
mcnn,mts_archive,CMUsubject16,5.0,0.27586206896551724,0.5517241379310345,0.5,1.6892585754394531
mcnn,mts_archive,ECG,5.0,0.335,0.67,0.5,1.3770835399627686
mcnn,mts_archive,JapaneseVowels,5.0,0.010510510510510513,0.0945945945945946,0.1111111111111111,1.6070225238800049
mcnn,mts_archive,KickvsPunch,5.0,0.3,0.6,0.5,1.6274261474609375
mcnn,mts_archive,Libras,5.0,0.004444444444444445,0.06666666666666668,0.06666666666666668,1.5151350498199463
mcnn,mts_archive,NetFlow,5.0,0.3895131086142322,0.7790262172284644,0.5,4.170095443725587
mcnn,mts_archive,UWave,5.0,0.01563230481533427,0.12505843852267415,0.125,13.482741594314575
mcnn,mts_archive,Wafer,5.0,0.4469866071428572,0.8939732142857143,0.5,2.7973103523254395
mcnn,mts_archive,WalkvsRun,5.0,0.375,0.75,0.5,2.8917813301086426
mcnn,mts_archive,ArabicDigits,6.0,0.01,0.1,0.1,5.117593050003052
mcnn,mts_archive,AUSLAN,6.0,0.000110803324099723,0.010526315789473684,0.010526315789473684,4.71172308921814
mcnn,mts_archive,CharacterTrajectories,6.0,0.003107896794370602,0.06215793588741205,0.05,6.675175189971924
mcnn,mts_archive,CMUsubject16,6.0,0.27586206896551724,0.5517241379310345,0.5,1.5385885238647459
mcnn,mts_archive,ECG,6.0,0.335,0.67,0.5,1.3894619941711426
mcnn,mts_archive,JapaneseVowels,6.0,0.009309309309309307,0.08378378378378379,0.1111111111111111,1.4782752990722656
mcnn,mts_archive,KickvsPunch,6.0,0.3,0.6,0.5,1.5378100872039795
mcnn,mts_archive,Libras,6.0,0.004444444444444445,0.06666666666666668,0.06666666666666668,1.5025072097778318
mcnn,mts_archive,NetFlow,6.0,0.3895131086142322,0.7790262172284644,0.5,4.320142745971681
mcnn,mts_archive,UWave,6.0,0.01563230481533427,0.12505843852267415,0.125,13.538058996200562
mcnn,mts_archive,Wafer,6.0,0.4469866071428572,0.8939732142857143,0.5,3.2465603351593018
mcnn,mts_archive,WalkvsRun,6.0,0.375,0.75,0.5,2.4080119132995605
mcnn,mts_archive,ArabicDigits,7.0,0.01,0.1,0.1,5.147052049636841
mcnn,mts_archive,AUSLAN,7.0,0.000110803324099723,0.010526315789473684,0.010526315789473684,4.527541399002075
mcnn,mts_archive,CharacterTrajectories,7.0,0.002150117279124316,0.04300234558248632,0.05,6.346558570861816
mcnn,mts_archive,CMUsubject16,7.0,0.2241379310344828,0.4482758620689655,0.5,1.4892148971557615
mcnn,mts_archive,ECG,7.0,0.335,0.67,0.5,1.473948955535889
mcnn,mts_archive,JapaneseVowels,7.0,0.010510510510510513,0.0945945945945946,0.1111111111111111,1.4276127815246582
mcnn,mts_archive,KickvsPunch,7.0,0.3,0.6,0.5,1.5467135906219482
mcnn,mts_archive,Libras,7.0,0.004444444444444445,0.06666666666666668,0.06666666666666668,1.4221158027648926
mcnn,mts_archive,NetFlow,7.0,0.3895131086142322,0.7790262172284644,0.5,5.762195825576782
mcnn,mts_archive,UWave,7.0,0.01563230481533427,0.12505843852267415,0.125,14.98772644996643
mcnn,mts_archive,Wafer,7.0,0.4469866071428572,0.8939732142857143,0.5,3.0507183074951167
mcnn,mts_archive,WalkvsRun,7.0,0.375,0.75,0.5,2.43595290184021
mcnn,mts_archive,ArabicDigits,8.0,0.01,0.1,0.1,4.887412786483765
mcnn,mts_archive,AUSLAN,8.0,0.000110803324099723,0.010526315789473684,0.010526315789473684,4.090760231018066
mcnn,mts_archive,CharacterTrajectories,8.0,0.0023064894448788123,0.04612978889757624,0.05,6.297086238861084
mcnn,mts_archive,CMUsubject16,8.0,0.27586206896551724,0.5517241379310345,0.5,1.4642715454101562
mcnn,mts_archive,ECG,8.0,0.335,0.67,0.5,1.4199297428131104
mcnn,mts_archive,JapaneseVowels,8.0,0.008708708708708709,0.07837837837837837,0.1111111111111111,1.4201838970184326
mcnn,mts_archive,KickvsPunch,8.0,0.3,0.6,0.5,1.7859373092651367
mcnn,mts_archive,Libras,8.0,0.004444444444444445,0.06666666666666668,0.06666666666666668,1.5468904972076416
mcnn,mts_archive,NetFlow,8.0,0.3895131086142322,0.7790262172284644,0.5,5.8454339504241934
mcnn,mts_archive,UWave,8.0,0.01563230481533427,0.12505843852267415,0.125,14.979537963867188
mcnn,mts_archive,Wafer,8.0,0.4469866071428572,0.8939732142857143,0.5,3.0981569290161133
mcnn,mts_archive,WalkvsRun,8.0,0.375,0.75,0.5,2.9313435554504395
mcnn,mts_archive,ArabicDigits,9.0,0.01,0.1,0.1,5.619651079177856
mcnn,mts_archive,AUSLAN,9.0,0.000110803324099723,0.010526315789473684,0.010526315789473684,3.83209490776062
mcnn,mts_archive,CharacterTrajectories,9.0,0.0030492572322126663,0.06098514464425332,0.05,6.564503908157349
mcnn,mts_archive,CMUsubject16,9.0,0.27586206896551724,0.5517241379310345,0.5,1.5530452728271484
mcnn,mts_archive,ECG,9.0,0.335,0.67,0.5,1.269461154937744
mcnn,mts_archive,JapaneseVowels,9.0,0.008708708708708709,0.07837837837837837,0.1111111111111111,1.4082233905792236
mcnn,mts_archive,KickvsPunch,9.0,0.3,0.6,0.5,1.4671401977539062
mcnn,mts_archive,Libras,9.0,0.004444444444444445,0.06666666666666668,0.06666666666666668,1.7002685070037842
mcnn,mts_archive,NetFlow,9.0,0.3895131086142322,0.7790262172284644,0.5,4.1779537200927725
mcnn,mts_archive,UWave,9.0,0.01563230481533427,0.12505843852267415,0.125,14.294915914535522
mcnn,mts_archive,Wafer,9.0,0.4469866071428572,0.8939732142857143,0.5,3.4520065784454346
mcnn,mts_archive,WalkvsRun,9.0,0.375,0.75,0.5,8.94946575164795
tlenet,mts_archive,ArabicDigits,0.0,0.01,0.1,0.1,0.0
tlenet,mts_archive,AUSLAN,0.0,0.000110803324099723,0.010526315789473684,0.010526315789473684,0.0
tlenet,mts_archive,CharacterTrajectories,0.0,0.0033424550430023463,0.06684910086004693,0.05,0.0
tlenet,mts_archive,CMUsubject16,0.0,0.27586206896551724,0.5517241379310345,0.5,0.0
tlenet,mts_archive,ECG,0.0,0.335,0.67,0.5,0.0
tlenet,mts_archive,JapaneseVowels,0.0,0.026426426426426432,0.23783783783783785,0.1111111111111111,0.0
tlenet,mts_archive,KickvsPunch,0.0,0.2,0.4,0.5,0.0
tlenet,mts_archive,Libras,0.0,0.004444444444444445,0.06666666666666668,0.06666666666666668,0.0
tlenet,mts_archive,NetFlow,0.0,0.3895131086142322,0.7790262172284644,0.5,0.0
tlenet,mts_archive,UWave,0.0,0.01563230481533427,0.12505843852267415,0.125,0.0
tlenet,mts_archive,Wafer,0.0,0.4469866071428572,0.8939732142857143,0.5,0.0
tlenet,mts_archive,WalkvsRun,0.0,0.125,0.25,0.5,0.0
tlenet,mts_archive,ArabicDigits,1.0,0.01,0.1,0.1,0.0
tlenet,mts_archive,AUSLAN,1.0,0.000110803324099723,0.010526315789473684,0.010526315789473684,0.0
tlenet,mts_archive,CharacterTrajectories,1.0,0.0033424550430023463,0.06684910086004693,0.05,0.0
tlenet,mts_archive,CMUsubject16,1.0,0.2241379310344828,0.4482758620689655,0.5,0.0
tlenet,mts_archive,ECG,1.0,0.335,0.67,0.5,0.0
tlenet,mts_archive,JapaneseVowels,1.0,0.026426426426426432,0.23783783783783785,0.1111111111111111,0.0
tlenet,mts_archive,KickvsPunch,1.0,0.3,0.6,0.5,0.0
tlenet,mts_archive,Libras,1.0,0.004444444444444445,0.06666666666666668,0.06666666666666668,0.0
tlenet,mts_archive,NetFlow,1.0,0.3895131086142322,0.7790262172284644,0.5,0.0
tlenet,mts_archive,UWave,1.0,0.01563230481533427,0.12505843852267415,0.125,0.0
tlenet,mts_archive,Wafer,1.0,0.4469866071428572,0.8939732142857143,0.5,0.0
tlenet,mts_archive,WalkvsRun,1.0,0.375,0.75,0.5,0.0
tlenet,mts_archive,ArabicDigits,2.0,0.01,0.1,0.1,0.0
tlenet,mts_archive,AUSLAN,2.0,0.000110803324099723,0.010526315789473684,0.010526315789473684,0.0
tlenet,mts_archive,CharacterTrajectories,2.0,0.0033424550430023463,0.06684910086004693,0.05,0.0
tlenet,mts_archive,CMUsubject16,2.0,0.27586206896551724,0.5517241379310345,0.5,0.0
tlenet,mts_archive,ECG,2.0,0.335,0.67,0.5,0.0
tlenet,mts_archive,JapaneseVowels,2.0,0.026426426426426432,0.23783783783783785,0.1111111111111111,0.0
tlenet,mts_archive,KickvsPunch,2.0,0.3,0.6,0.5,0.0
tlenet,mts_archive,Libras,2.0,0.004444444444444445,0.06666666666666668,0.06666666666666668,0.0
tlenet,mts_archive,NetFlow,2.0,0.3895131086142322,0.7790262172284644,0.5,0.0
tlenet,mts_archive,UWave,2.0,0.01563230481533427,0.12505843852267415,0.125,0.0
tlenet,mts_archive,Wafer,2.0,0.4469866071428572,0.8939732142857143,0.5,0.0
tlenet,mts_archive,WalkvsRun,2.0,0.375,0.75,0.5,0.0
tlenet,mts_archive,ArabicDigits,3.0,0.01,0.1,0.1,0.0
tlenet,mts_archive,AUSLAN,3.0,0.000110803324099723,0.010526315789473684,0.010526315789473684,0.0
tlenet,mts_archive,CharacterTrajectories,3.0,0.0033424550430023463,0.06684910086004693,0.05,0.0
tlenet,mts_archive,CMUsubject16,3.0,0.2241379310344828,0.4482758620689655,0.5,0.0
tlenet,mts_archive,ECG,3.0,0.335,0.67,0.5,0.0
tlenet,mts_archive,JapaneseVowels,3.0,0.026426426426426432,0.23783783783783785,0.1111111111111111,0.0
tlenet,mts_archive,KickvsPunch,3.0,0.2,0.4,0.5,0.0
tlenet,mts_archive,Libras,3.0,0.004444444444444445,0.06666666666666668,0.06666666666666668,0.0
tlenet,mts_archive,NetFlow,3.0,0.1104868913857678,0.2209737827715356,0.5,0.0
tlenet,mts_archive,UWave,3.0,0.01563230481533427,0.12505843852267415,0.125,0.0
tlenet,mts_archive,Wafer,3.0,0.4469866071428572,0.8939732142857143,0.5,0.0
tlenet,mts_archive,WalkvsRun,3.0,0.125,0.25,0.5,0.0
tlenet,mts_archive,ArabicDigits,4.0,0.01,0.1,0.1,0.0
tlenet,mts_archive,AUSLAN,4.0,0.000110803324099723,0.010526315789473684,0.010526315789473684,0.0
tlenet,mts_archive,CharacterTrajectories,4.0,0.0033424550430023463,0.06684910086004693,0.05,0.0
tlenet,mts_archive,CMUsubject16,4.0,0.2241379310344828,0.4482758620689655,0.5,0.0
tlenet,mts_archive,ECG,4.0,0.335,0.67,0.5,0.0
tlenet,mts_archive,JapaneseVowels,4.0,0.026426426426426432,0.23783783783783785,0.1111111111111111,0.0
tlenet,mts_archive,KickvsPunch,4.0,0.3,0.6,0.5,0.0
tlenet,mts_archive,Libras,4.0,0.004444444444444445,0.06666666666666668,0.06666666666666668,0.0
tlenet,mts_archive,NetFlow,4.0,0.3895131086142322,0.7790262172284644,0.5,0.0
tlenet,mts_archive,UWave,4.0,0.01563230481533427,0.12505843852267415,0.125,0.0
tlenet,mts_archive,Wafer,4.0,0.4469866071428572,0.8939732142857143,0.5,0.0
tlenet,mts_archive,WalkvsRun,4.0,0.375,0.75,0.5,0.0
tlenet,mts_archive,ArabicDigits,5.0,0.01,0.1,0.1,0.0
tlenet,mts_archive,AUSLAN,5.0,0.000110803324099723,0.010526315789473684,0.010526315789473684,0.0
tlenet,mts_archive,CharacterTrajectories,5.0,0.0033424550430023463,0.06684910086004693,0.05,0.0
tlenet,mts_archive,CMUsubject16,5.0,0.2241379310344828,0.4482758620689655,0.5,0.0
tlenet,mts_archive,ECG,5.0,0.335,0.67,0.5,0.0
tlenet,mts_archive,JapaneseVowels,5.0,0.026426426426426432,0.23783783783783785,0.1111111111111111,0.0
tlenet,mts_archive,KickvsPunch,5.0,0.2,0.4,0.5,0.0
tlenet,mts_archive,Libras,5.0,0.004444444444444445,0.06666666666666668,0.06666666666666668,0.0
tlenet,mts_archive,NetFlow,5.0,0.3895131086142322,0.7790262172284644,0.5,0.0
tlenet,mts_archive,UWave,5.0,0.01563230481533427,0.12505843852267415,0.125,0.0
tlenet,mts_archive,Wafer,5.0,0.4469866071428572,0.8939732142857143,0.5,0.0
tlenet,mts_archive,WalkvsRun,5.0,0.125,0.25,0.5,0.0
tlenet,mts_archive,ArabicDigits,6.0,0.01,0.1,0.1,0.0
tlenet,mts_archive,AUSLAN,6.0,0.000110803324099723,0.010526315789473684,0.010526315789473684,0.0
tlenet,mts_archive,CharacterTrajectories,6.0,0.0033424550430023463,0.06684910086004693,0.05,0.0
tlenet,mts_archive,CMUsubject16,6.0,0.27586206896551724,0.5517241379310345,0.5,0.0
tlenet,mts_archive,ECG,6.0,0.335,0.67,0.5,0.0
tlenet,mts_archive,JapaneseVowels,6.0,0.026426426426426432,0.23783783783783785,0.1111111111111111,0.0
tlenet,mts_archive,KickvsPunch,6.0,0.2,0.4,0.5,0.0
tlenet,mts_archive,Libras,6.0,0.004444444444444445,0.06666666666666668,0.06666666666666668,0.0
tlenet,mts_archive,NetFlow,6.0,0.3895131086142322,0.7790262172284644,0.5,0.0
tlenet,mts_archive,UWave,6.0,0.01563230481533427,0.12505843852267415,0.125,0.0
tlenet,mts_archive,Wafer,6.0,0.4469866071428572,0.8939732142857143,0.5,0.0
tlenet,mts_archive,WalkvsRun,6.0,0.375,0.75,0.5,0.0
tlenet,mts_archive,ArabicDigits,7.0,0.01,0.1,0.1,0.0
tlenet,mts_archive,AUSLAN,7.0,0.000110803324099723,0.010526315789473684,0.010526315789473684,0.0
tlenet,mts_archive,CharacterTrajectories,7.0,0.0033424550430023463,0.06684910086004693,0.05,0.0
tlenet,mts_archive,CMUsubject16,7.0,0.27586206896551724,0.5517241379310345,0.5,0.0
tlenet,mts_archive,ECG,7.0,0.335,0.67,0.5,0.0
tlenet,mts_archive,JapaneseVowels,7.0,0.026426426426426432,0.23783783783783785,0.1111111111111111,0.0
tlenet,mts_archive,KickvsPunch,7.0,0.3,0.6,0.5,0.0
tlenet,mts_archive,Libras,7.0,0.004444444444444445,0.06666666666666668,0.06666666666666668,0.0
tlenet,mts_archive,NetFlow,7.0,0.3895131086142322,0.7790262172284644,0.5,0.0
tlenet,mts_archive,UWave,7.0,0.01563230481533427,0.12505843852267415,0.125,0.0
tlenet,mts_archive,Wafer,7.0,0.4469866071428572,0.8939732142857143,0.5,0.0
tlenet,mts_archive,WalkvsRun,7.0,0.375,0.75,0.5,0.0
tlenet,mts_archive,ArabicDigits,8.0,0.01,0.1,0.1,0.0
tlenet,mts_archive,AUSLAN,8.0,0.000110803324099723,0.010526315789473684,0.010526315789473684,0.0
tlenet,mts_archive,CharacterTrajectories,8.0,0.0033424550430023463,0.06684910086004693,0.05,0.0
tlenet,mts_archive,CMUsubject16,8.0,0.27586206896551724,0.5517241379310345,0.5,0.0
tlenet,mts_archive,ECG,8.0,0.335,0.67,0.5,0.0
tlenet,mts_archive,JapaneseVowels,8.0,0.026426426426426432,0.23783783783783785,0.1111111111111111,0.0
tlenet,mts_archive,KickvsPunch,8.0,0.2,0.4,0.5,0.0
tlenet,mts_archive,Libras,8.0,0.004444444444444445,0.06666666666666668,0.06666666666666668,0.0
tlenet,mts_archive,NetFlow,8.0,0.3895131086142322,0.7790262172284644,0.5,0.0
tlenet,mts_archive,UWave,8.0,0.01563230481533427,0.12505843852267415,0.125,0.0
tlenet,mts_archive,Wafer,8.0,0.4469866071428572,0.8939732142857143,0.5,0.0
tlenet,mts_archive,WalkvsRun,8.0,0.375,0.75,0.5,0.0
tlenet,mts_archive,ArabicDigits,9.0,0.01,0.1,0.1,0.0
tlenet,mts_archive,AUSLAN,9.0,0.000110803324099723,0.010526315789473684,0.010526315789473684,0.0
tlenet,mts_archive,CharacterTrajectories,9.0,0.0033424550430023463,0.06684910086004693,0.05,0.0
tlenet,mts_archive,CMUsubject16,9.0,0.27586206896551724,0.5517241379310345,0.5,0.0
tlenet,mts_archive,ECG,9.0,0.335,0.67,0.5,0.0
tlenet,mts_archive,JapaneseVowels,9.0,0.026426426426426432,0.23783783783783785,0.1111111111111111,0.0
tlenet,mts_archive,KickvsPunch,9.0,0.3,0.6,0.5,0.0
tlenet,mts_archive,Libras,9.0,0.004444444444444445,0.06666666666666668,0.06666666666666668,0.0
tlenet,mts_archive,NetFlow,9.0,0.3895131086142322,0.7790262172284644,0.5,0.0
tlenet,mts_archive,UWave,9.0,0.01563230481533427,0.12505843852267415,0.125,0.0
tlenet,mts_archive,Wafer,9.0,0.4469866071428572,0.8939732142857143,0.5,0.0
tlenet,mts_archive,WalkvsRun,9.0,0.375,0.75,0.5,0.0
mcdcnn,mts_archive,ArabicDigits,0.0,0.958673850012334,0.958181818181818,0.9581818181818182,0.0
mcdcnn,mts_archive,AUSLAN,0.0,0.9078441628701809,0.8905263157894737,0.8905263157894737,0.0
mcdcnn,mts_archive,CharacterTrajectories,0.0,0.9289560162739754,0.928068803752932,0.9266256040970264,0.0
mcdcnn,mts_archive,CMUsubject16,0.0,0.2241379310344828,0.4482758620689655,0.5,0.0
mcdcnn,mts_archive,ECG,0.0,0.165,0.33,0.5,0.0
mcdcnn,mts_archive,JapaneseVowels,0.0,0.9583648034744484,0.9594594594594594,0.959936196543538,0.0
mcdcnn,mts_archive,KickvsPunch,0.0,0.3,0.6,0.5,0.0
mcdcnn,mts_archive,Libras,0.0,0.6665393865393866,0.6611111111111111,0.6611111111111112,0.0
mcdcnn,mts_archive,NetFlow,0.0,0.3895131086142322,0.7790262172284644,0.5,0.0
mcdcnn,mts_archive,UWave,0.0,0.8393864751414558,0.8333333333333334,0.8333241450523294,0.0
mcdcnn,mts_archive,Wafer,0.0,0.4469866071428572,0.8939732142857143,0.5,0.0
mcdcnn,mts_archive,WalkvsRun,0.0,0.125,0.25,0.5,0.0
mcdcnn,mts_archive,ArabicDigits,1.0,0.9591506990964688,0.9586363636363636,0.9586363636363636,0.0
mcdcnn,mts_archive,AUSLAN,1.0,0.8812400723676591,0.8526315789473684,0.8526315789473683,0.0
mcdcnn,mts_archive,CharacterTrajectories,1.0,0.9428196995441352,0.9421422986708364,0.9381702867680016,0.0
mcdcnn,mts_archive,CMUsubject16,1.0,0.27586206896551724,0.5517241379310345,0.5,0.0
mcdcnn,mts_archive,ECG,1.0,0.335,0.67,0.5,0.0
mcdcnn,mts_archive,JapaneseVowels,1.0,0.9467569249922192,0.9513513513513514,0.9544760652769549,0.0
mcdcnn,mts_archive,KickvsPunch,1.0,0.2,0.4,0.5,0.0
mcdcnn,mts_archive,Libras,1.0,0.5844525844525845,0.5555555555555556,0.5555555555555555,0.0
mcdcnn,mts_archive,NetFlow,1.0,0.3895131086142322,0.7790262172284644,0.5,0.0
mcdcnn,mts_archive,UWave,1.0,0.8459708328131308,0.8429172510518934,0.8429289614617242,0.0
mcdcnn,mts_archive,Wafer,1.0,0.4469866071428572,0.8939732142857143,0.5,0.0
mcdcnn,mts_archive,WalkvsRun,1.0,0.125,0.25,0.5,0.0
mcdcnn,mts_archive,ArabicDigits,2.0,0.9594969673693038,0.9590909090909092,0.9590909090909092,0.0
mcdcnn,mts_archive,AUSLAN,2.0,0.8646062171131425,0.84,0.8400000000000001,0.0
mcdcnn,mts_archive,CharacterTrajectories,2.0,0.9431043081912096,0.9433150899139952,0.9407358440176408,0.0
mcdcnn,mts_archive,CMUsubject16,2.0,0.7321428571428572,0.4827586206896552,0.53125,0.0
mcdcnn,mts_archive,ECG,2.0,0.165,0.33,0.5,0.0
mcdcnn,mts_archive,JapaneseVowels,2.0,0.9113499135673464,0.9135135135135136,0.9032019062386136,0.0
mcdcnn,mts_archive,KickvsPunch,2.0,0.2,0.4,0.5,0.0
mcdcnn,mts_archive,Libras,2.0,0.6936724922251238,0.6833333333333333,0.6833333333333333,0.0
mcdcnn,mts_archive,NetFlow,2.0,0.5068077526868736,0.5805243445692884,0.5091875814863103,0.0
mcdcnn,mts_archive,UWave,2.0,0.8678588518490662,0.8599812996727443,0.8599802233189822,0.0
mcdcnn,mts_archive,Wafer,2.0,0.4469866071428572,0.8939732142857143,0.5,0.0
mcdcnn,mts_archive,WalkvsRun,2.0,0.125,0.25,0.5,0.0
mcdcnn,mts_archive,ArabicDigits,3.0,0.9615341130357562,0.96,0.96,0.0
mcdcnn,mts_archive,AUSLAN,3.0,0.8580229495177141,0.832280701754386,0.8322807017543861,0.0
mcdcnn,mts_archive,CharacterTrajectories,3.0,0.9583012867156836,0.9597341673182174,0.955454838110014,0.0
mcdcnn,mts_archive,CMUsubject16,3.0,0.27586206896551724,0.5517241379310345,0.5,0.0
mcdcnn,mts_archive,ECG,3.0,0.335,0.67,0.5,0.0
mcdcnn,mts_archive,JapaneseVowels,3.0,0.9398330873568064,0.9486486486486486,0.9472295736645012,0.0
mcdcnn,mts_archive,KickvsPunch,3.0,0.3,0.6,0.5,0.0
mcdcnn,mts_archive,Libras,3.0,0.6400733525733527,0.65,0.65,0.0
mcdcnn,mts_archive,NetFlow,3.0,0.4889811832513985,0.40636704119850187,0.4854343220338983,0.0
mcdcnn,mts_archive,UWave,3.0,0.8392455933110152,0.8366058906030855,0.8366236130071056,0.0
mcdcnn,mts_archive,Wafer,3.0,0.053013392857142856,0.10602678571428573,0.5,0.0
mcdcnn,mts_archive,WalkvsRun,3.0,0.125,0.25,0.5,0.0
mcdcnn,mts_archive,ArabicDigits,4.0,0.9554713966468932,0.955,0.955,0.0
mcdcnn,mts_archive,AUSLAN,4.0,0.8943453041036623,0.8694736842105263,0.8694736842105264,0.0
mcdcnn,mts_archive,CharacterTrajectories,4.0,0.9550280450291108,0.9566067240031274,0.9532329055433794,0.0
mcdcnn,mts_archive,CMUsubject16,4.0,0.27586206896551724,0.5517241379310345,0.5,0.0
mcdcnn,mts_archive,ECG,4.0,0.165,0.33,0.5,0.0
mcdcnn,mts_archive,JapaneseVowels,4.0,0.9459488923595384,0.9432432432432432,0.9330315710738404,0.0
mcdcnn,mts_archive,KickvsPunch,4.0,0.3,0.6,0.5,0.0
mcdcnn,mts_archive,Libras,4.0,0.7438581250191159,0.6944444444444444,0.6944444444444445,0.0
mcdcnn,mts_archive,NetFlow,4.0,0.3895131086142322,0.7790262172284644,0.5,0.0
mcdcnn,mts_archive,UWave,4.0,0.8488777777457918,0.8426834969611968,0.8426953166019111,0.0
mcdcnn,mts_archive,Wafer,4.0,0.4469866071428572,0.8939732142857143,0.5,0.0
mcdcnn,mts_archive,WalkvsRun,4.0,0.375,0.75,0.5,0.0
mcdcnn,mts_archive,ArabicDigits,5.0,0.9604282776950278,0.9595454545454546,0.9595454545454546,0.0
mcdcnn,mts_archive,AUSLAN,5.0,0.8877283224977819,0.8736842105263158,0.8736842105263156,0.0
mcdcnn,mts_archive,CharacterTrajectories,5.0,0.9113737718630672,0.9100860046911651,0.9057084226190198,0.0
mcdcnn,mts_archive,CMUsubject16,5.0,0.2241379310344828,0.4482758620689655,0.5,0.0
mcdcnn,mts_archive,ECG,5.0,0.335,0.67,0.5,0.0
mcdcnn,mts_archive,JapaneseVowels,5.0,0.9437972839581238,0.9432432432432432,0.9452461930604309,0.0
mcdcnn,mts_archive,KickvsPunch,5.0,0.3,0.6,0.5,0.0
mcdcnn,mts_archive,Libras,5.0,0.6590111685699923,0.6444444444444445,0.6444444444444444,0.0
mcdcnn,mts_archive,NetFlow,5.0,0.3895131086142322,0.7790262172284644,0.5,0.0
mcdcnn,mts_archive,UWave,5.0,0.8658324831945309,0.8583450210378681,0.8583547726556757,0.0
mcdcnn,mts_archive,Wafer,5.0,0.053013392857142856,0.10602678571428573,0.5,0.0
mcdcnn,mts_archive,WalkvsRun,5.0,0.125,0.25,0.5,0.0
mcdcnn,mts_archive,ArabicDigits,6.0,0.9635290765819268,0.963181818181818,0.963181818181818,0.0
mcdcnn,mts_archive,AUSLAN,6.0,0.8372390913488436,0.8056140350877193,0.8056140350877196,0.0
mcdcnn,mts_archive,CharacterTrajectories,6.0,0.9219612795574668,0.9155590304925724,0.9104282374675516,0.0
mcdcnn,mts_archive,CMUsubject16,6.0,0.27586206896551724,0.5517241379310345,0.5,0.0
mcdcnn,mts_archive,ECG,6.0,0.335,0.67,0.5,0.0
mcdcnn,mts_archive,JapaneseVowels,6.0,0.964895910311359,0.9648648648648648,0.9657370623444036,0.0
mcdcnn,mts_archive,KickvsPunch,6.0,0.3,0.6,0.5,0.0
mcdcnn,mts_archive,Libras,6.0,0.7255860479389891,0.6666666666666666,0.6666666666666666,0.0
mcdcnn,mts_archive,NetFlow,6.0,0.5037074486012808,0.5131086142322098,0.5053780964797914,0.0
mcdcnn,mts_archive,UWave,6.0,0.8395345778801486,0.8328658251519402,0.8328730442087577,0.0
mcdcnn,mts_archive,Wafer,6.0,0.4469866071428572,0.8939732142857143,0.5,0.0
mcdcnn,mts_archive,WalkvsRun,6.0,0.375,0.75,0.5,0.0
mcdcnn,mts_archive,ArabicDigits,7.0,0.9591330219943972,0.9586363636363636,0.9586363636363636,0.0
mcdcnn,mts_archive,AUSLAN,7.0,0.8744989473659095,0.8252631578947368,0.8252631578947369,0.0
mcdcnn,mts_archive,CharacterTrajectories,7.0,0.9282210378990884,0.9296325254104768,0.9281541017000184,0.0
mcdcnn,mts_archive,CMUsubject16,7.0,0.27586206896551724,0.5517241379310345,0.5,0.0
mcdcnn,mts_archive,ECG,7.0,0.165,0.33,0.5,0.0
mcdcnn,mts_archive,JapaneseVowels,7.0,0.9375543340844488,0.9405405405405406,0.9431396597470012,0.0
mcdcnn,mts_archive,KickvsPunch,7.0,0.3,0.6,0.5,0.0
mcdcnn,mts_archive,Libras,7.0,0.6991636141636143,0.65,0.65,0.0
mcdcnn,mts_archive,NetFlow,7.0,0.5243102668475803,0.6591760299625468,0.5262793350717079,0.0
mcdcnn,mts_archive,UWave,7.0,0.8264800487982958,0.8218793828892006,0.8218816724421576,0.0
mcdcnn,mts_archive,Wafer,7.0,0.4469866071428572,0.8939732142857143,0.5,0.0
mcdcnn,mts_archive,WalkvsRun,7.0,0.375,0.75,0.5,0.0
mcdcnn,mts_archive,ArabicDigits,8.0,0.9573237781570354,0.9563636363636364,0.9563636363636364,0.0
mcdcnn,mts_archive,AUSLAN,8.0,0.8902391041228704,0.88,0.8799999999999999,0.0
mcdcnn,mts_archive,CharacterTrajectories,8.0,0.954229798736821,0.9554339327599688,0.9513801934740986,0.0
mcdcnn,mts_archive,CMUsubject16,8.0,0.2241379310344828,0.4482758620689655,0.5,0.0
mcdcnn,mts_archive,ECG,8.0,0.335,0.67,0.5,0.0
mcdcnn,mts_archive,JapaneseVowels,8.0,0.9350262734130012,0.9378378378378378,0.9379823099900964,0.0
mcdcnn,mts_archive,KickvsPunch,8.0,0.3,0.6,0.5,0.0
mcdcnn,mts_archive,Libras,8.0,0.6745940170940172,0.6777777777777778,0.6777777777777777,0.0
mcdcnn,mts_archive,NetFlow,8.0,0.4788829324833382,0.2734082397003745,0.488123370273794,0.0
mcdcnn,mts_archive,UWave,8.0,0.8763163988472988,0.8747078073866292,0.8746871609086773,0.0
mcdcnn,mts_archive,Wafer,8.0,0.4469866071428572,0.8939732142857143,0.5,0.0
mcdcnn,mts_archive,WalkvsRun,8.0,0.375,0.75,0.5,0.0
mcdcnn,mts_archive,ArabicDigits,9.0,0.96001178511782,0.9595454545454546,0.9595454545454544,0.0
mcdcnn,mts_archive,AUSLAN,9.0,0.8916344034565038,0.8680701754385964,0.8680701754385967,0.0
mcdcnn,mts_archive,CharacterTrajectories,9.0,0.9424657459970459,0.9417513682564504,0.9383812844015604,0.0
mcdcnn,mts_archive,CMUsubject16,9.0,0.27586206896551724,0.5517241379310345,0.5,0.0
mcdcnn,mts_archive,ECG,9.0,0.165,0.33,0.5,0.0
mcdcnn,mts_archive,JapaneseVowels,9.0,0.9386252117349678,0.9405405405405406,0.9364340930358728,0.0
mcdcnn,mts_archive,KickvsPunch,9.0,0.3,0.6,0.5,0.0
mcdcnn,mts_archive,Libras,9.0,0.6299648499648499,0.6222222222222222,0.6222222222222222,0.0
mcdcnn,mts_archive,NetFlow,9.0,0.5193529916976811,0.7471910112359551,0.506885593220339,0.0
mcdcnn,mts_archive,UWave,9.0,0.8557974467430975,0.8468910705937354,0.8468838601281108,0.0
mcdcnn,mts_archive,Wafer,9.0,0.053013392857142856,0.10602678571428573,0.5,0.0
mcdcnn,mts_archive,WalkvsRun,9.0,0.125,0.25,0.5,0.0
cnn,mts_archive,ArabicDigits,0.0,0.9584428728906754,0.958181818181818,0.9581818181818182,0.0
cnn,mts_archive,AUSLAN,0.0,0.7643644800866856,0.7410526315789474,0.7410526315789473,0.0
cnn,mts_archive,CharacterTrajectories,0.0,0.9718892196170988,0.970289288506646,0.967206135621882,0.0
cnn,mts_archive,CMUsubject16,0.0,1.0,1.0,1.0,0.0
cnn,mts_archive,ECG,0.0,0.7856536502546689,0.81,0.8043871551334238,0.0
cnn,mts_archive,JapaneseVowels,0.0,0.9519100071568599,0.9513513513513514,0.9591767427974324,0.0
cnn,mts_archive,KickvsPunch,0.0,0.7857142857142857,0.7,0.75,0.0
cnn,mts_archive,Libras,0.0,0.6786015074250369,0.6833333333333333,0.6833333333333333,0.0
cnn,mts_archive,NetFlow,0.0,0.8623093730993625,0.897003745318352,0.8276564537157758,0.0
cnn,mts_archive,UWave,0.0,0.8654528517913125,0.8625525946704067,0.8625586299835486,0.0
cnn,mts_archive,Wafer,0.0,0.8966588966588966,0.9508928571428572,0.8287272488336948,0.0
cnn,mts_archive,WalkvsRun,0.0,1.0,1.0,1.0,0.0
cnn,mts_archive,ArabicDigits,1.0,0.9535703246625602,0.9522727272727272,0.9522727272727272,0.0
cnn,mts_archive,AUSLAN,1.0,0.7541313571815391,0.7143859649122807,0.7143859649122805,0.0
cnn,mts_archive,CharacterTrajectories,1.0,0.9523625934083084,0.9483971853010164,0.9460048691945931,0.0
cnn,mts_archive,CMUsubject16,1.0,0.9642857142857144,0.9655172413793104,0.96875,0.0
cnn,mts_archive,ECG,1.0,0.8172458172458172,0.84,0.8344640434192674,0.0
cnn,mts_archive,JapaneseVowels,1.0,0.9454049303187236,0.945945945945946,0.9520571598713978,0.0
cnn,mts_archive,KickvsPunch,1.0,0.625,0.6,0.625,0.0
cnn,mts_archive,Libras,1.0,0.6576058799588211,0.65,0.65,0.0
cnn,mts_archive,NetFlow,1.0,0.8287568843430371,0.8838951310861424,0.8404905475880051,0.0
cnn,mts_archive,UWave,1.0,0.8593878324420674,0.8555399719495091,0.8555505968007281,0.0
cnn,mts_archive,Wafer,1.0,0.8548851120996667,0.9464285714285714,0.8679808134568632,0.0
cnn,mts_archive,WalkvsRun,1.0,1.0,1.0,1.0,0.0
cnn,mts_archive,ArabicDigits,2.0,0.9597753884049528,0.9590909090909092,0.9590909090909092,0.0
cnn,mts_archive,AUSLAN,2.0,0.7990842238865242,0.7607017543859649,0.7607017543859649,0.0
cnn,mts_archive,CharacterTrajectories,2.0,0.9668925864628172,0.9663799843627834,0.9628211987424428,0.0
cnn,mts_archive,CMUsubject16,2.0,1.0,1.0,1.0,0.0
cnn,mts_archive,ECG,2.0,0.8386958386958387,0.86,0.8570782451379466,0.0
cnn,mts_archive,JapaneseVowels,2.0,0.9660629803214771,0.9648648648648648,0.9686091328026812,0.0
cnn,mts_archive,KickvsPunch,2.0,0.7,0.7,0.7083333333333333,0.0
cnn,mts_archive,Libras,2.0,0.6005102305102304,0.5944444444444444,0.5944444444444446,0.0
cnn,mts_archive,NetFlow,2.0,0.8290665199729181,0.8801498127340824,0.8168391460234681,0.0
cnn,mts_archive,UWave,2.0,0.8664407580275648,0.8648901355773726,0.8648990164163954,0.0
cnn,mts_archive,Wafer,2.0,0.8433125316242199,0.921875,0.6872462054011432,0.0
cnn,mts_archive,WalkvsRun,2.0,1.0,1.0,1.0,0.0
cnn,mts_archive,ArabicDigits,3.0,0.9559743716118908,0.9554545454545454,0.9554545454545454,0.0
cnn,mts_archive,AUSLAN,3.0,0.7775211636172203,0.7361403508771931,0.7361403508771931,0.0
cnn,mts_archive,CharacterTrajectories,3.0,0.9687667811032104,0.967552775605942,0.9642021054867886,0.0
cnn,mts_archive,CMUsubject16,3.0,0.9642857142857144,0.9655172413793104,0.96875,0.0
cnn,mts_archive,ECG,3.0,0.8386958386958387,0.86,0.8570782451379466,0.0
cnn,mts_archive,JapaneseVowels,3.0,0.9457098874840808,0.9513513513513514,0.9596641530512496,0.0
cnn,mts_archive,KickvsPunch,3.0,0.75,0.6,0.6666666666666666,0.0
cnn,mts_archive,Libras,3.0,0.6281926406926407,0.6222222222222222,0.6222222222222221,0.0
cnn,mts_archive,NetFlow,3.0,0.8702422902668039,0.904494382022472,0.8446056062581486,0.0
cnn,mts_archive,UWave,3.0,0.8698125605443416,0.8679289387564283,0.8679372746683469,0.0
cnn,mts_archive,Wafer,3.0,0.7773530817009078,0.9151785714285714,0.7670017740981667,0.0
cnn,mts_archive,WalkvsRun,3.0,1.0,1.0,1.0,0.0
cnn,mts_archive,ArabicDigits,4.0,0.9587325366184102,0.9577272727272728,0.9577272727272728,0.0
cnn,mts_archive,AUSLAN,4.0,0.7396014831470757,0.6989473684210527,0.6989473684210525,0.0
cnn,mts_archive,CharacterTrajectories,4.0,0.9558874218858444,0.9495699765441752,0.9468518601343999,0.0
cnn,mts_archive,CMUsubject16,4.0,1.0,1.0,1.0,0.0
cnn,mts_archive,ECG,4.0,0.7956043956043957,0.82,0.8041610131162371,0.0
cnn,mts_archive,JapaneseVowels,4.0,0.9485862496198412,0.9513513513513514,0.9539328129539476,0.0
cnn,mts_archive,KickvsPunch,4.0,0.7857142857142857,0.7,0.75,0.0
cnn,mts_archive,Libras,4.0,0.6154526954526954,0.6166666666666667,0.6166666666666667,0.0
cnn,mts_archive,NetFlow,4.0,0.8643984328831885,0.900749063670412,0.8391663950456323,0.0
cnn,mts_archive,UWave,4.0,0.8561935344709852,0.8525011687704535,0.8525005250446287,0.0
cnn,mts_archive,Wafer,4.0,0.8940272028385571,0.9598214285714286,0.8940272028385571,0.0
cnn,mts_archive,WalkvsRun,4.0,1.0,1.0,1.0,0.0
cnn,mts_archive,ArabicDigits,5.0,0.9626035598092674,0.9618181818181818,0.961818181818182,0.0
cnn,mts_archive,AUSLAN,5.0,0.8055887639381257,0.7670175438596492,0.767017543859649,0.0
cnn,mts_archive,CharacterTrajectories,5.0,0.952661754971569,0.952697419859265,0.9488410035501268,0.0
cnn,mts_archive,CMUsubject16,5.0,0.9642857142857144,0.9655172413793104,0.96875,0.0
cnn,mts_archive,ECG,5.0,0.8070409982174689,0.83,0.8116236996834012,0.0
cnn,mts_archive,JapaneseVowels,5.0,0.9577902519687508,0.9594594594594594,0.9625047391120805,0.0
cnn,mts_archive,KickvsPunch,5.0,0.625,0.6,0.625,0.0
cnn,mts_archive,Libras,5.0,0.6453504828504829,0.6277777777777778,0.6277777777777779,0.0
cnn,mts_archive,NetFlow,5.0,0.8442659878809722,0.8857677902621723,0.8113388200782268,0.0
cnn,mts_archive,UWave,5.0,0.8578648400725462,0.8543712014960262,0.8543744968322307,0.0
cnn,mts_archive,Wafer,5.0,0.958717011774259,0.96875,0.8711873316249426,0.0
cnn,mts_archive,WalkvsRun,5.0,1.0,1.0,1.0,0.0
cnn,mts_archive,ArabicDigits,6.0,0.9581532213769948,0.9577272727272728,0.9577272727272726,0.0
cnn,mts_archive,AUSLAN,6.0,0.7163780571100221,0.6743859649122808,0.6743859649122806,0.0
cnn,mts_archive,CharacterTrajectories,6.0,0.9605103860493988,0.9593432369038312,0.9547307815316984,0.0
cnn,mts_archive,CMUsubject16,6.0,0.9642857142857144,0.9655172413793104,0.96875,0.0
cnn,mts_archive,ECG,6.0,0.8395604395604396,0.86,0.8493894165535957,0.0
cnn,mts_archive,JapaneseVowels,6.0,0.9754615427407908,0.972972972972973,0.9759809921878886,0.0
cnn,mts_archive,KickvsPunch,6.0,0.625,0.6,0.625,0.0
cnn,mts_archive,Libras,6.0,0.6377950154420743,0.6111111111111112,0.6111111111111109,0.0
cnn,mts_archive,NetFlow,6.0,0.8347156398104265,0.8838951310861424,0.8222783572359844,0.0
cnn,mts_archive,UWave,6.0,0.851121617507828,0.8466573165030388,0.8466541531030138,0.0
cnn,mts_archive,Wafer,6.0,0.873116080558396,0.9464285714285714,0.8308693081017149,0.0
cnn,mts_archive,WalkvsRun,6.0,1.0,1.0,1.0,0.0
cnn,mts_archive,ArabicDigits,7.0,0.9574413381472856,0.9563636363636364,0.9563636363636364,0.0
cnn,mts_archive,AUSLAN,7.0,0.7241565516770626,0.6884210526315789,0.6884210526315788,0.0
cnn,mts_archive,CharacterTrajectories,7.0,0.9642488725485184,0.9632525410476936,0.9599380243997708,0.0
cnn,mts_archive,CMUsubject16,7.0,0.9642857142857144,0.9655172413793104,0.96875,0.0
cnn,mts_archive,ECG,7.0,0.8175824175824176,0.84,0.8267752148349163,0.0
cnn,mts_archive,JapaneseVowels,7.0,0.9671158868426304,0.9675675675675676,0.9762770562770564,0.0
cnn,mts_archive,KickvsPunch,7.0,0.625,0.6,0.625,0.0
cnn,mts_archive,Libras,7.0,0.6132407407407408,0.6166666666666667,0.6166666666666667,0.0
cnn,mts_archive,NetFlow,7.0,0.8453211009174313,0.8895131086142322,0.8258841264667536,0.0
cnn,mts_archive,UWave,7.0,0.8667433885713643,0.863487611033193,0.8634997724806608,0.0
cnn,mts_archive,Wafer,7.0,0.9267136374492476,0.9787946428571428,0.9695840725409028,0.0
cnn,mts_archive,WalkvsRun,7.0,1.0,1.0,1.0,0.0
cnn,mts_archive,ArabicDigits,8.0,0.9588205115374034,0.9586363636363636,0.9586363636363636,0.0
cnn,mts_archive,AUSLAN,8.0,0.7359006746826097,0.6989473684210527,0.6989473684210525,0.0
cnn,mts_archive,CharacterTrajectories,8.0,0.9650297987986166,0.964034401876466,0.9607811768557112,0.0
cnn,mts_archive,CMUsubject16,8.0,0.9642857142857144,0.9655172413793104,0.96875,0.0
cnn,mts_archive,ECG,8.0,0.8172458172458172,0.84,0.8344640434192674,0.0
cnn,mts_archive,JapaneseVowels,8.0,0.9512151332477004,0.9567567567567568,0.9589217831153316,0.0
cnn,mts_archive,KickvsPunch,8.0,0.75,0.6,0.6666666666666666,0.0
cnn,mts_archive,Libras,8.0,0.6924478835005151,0.6944444444444444,0.6944444444444444,0.0
cnn,mts_archive,NetFlow,8.0,0.8582649257997393,0.8932584269662921,0.8191818774445893,0.0
cnn,mts_archive,UWave,8.0,0.8592244821751345,0.8557737260402057,0.8557820539745878,0.0
cnn,mts_archive,Wafer,8.0,0.917269595176572,0.9631696428571428,0.8819830475064064,0.0
cnn,mts_archive,WalkvsRun,8.0,1.0,1.0,1.0,0.0
cnn,mts_archive,ArabicDigits,9.0,0.9602861180776116,0.9595454545454546,0.9595454545454546,0.0
cnn,mts_archive,AUSLAN,9.0,0.7951184795525784,0.775438596491228,0.7754385964912283,0.0
cnn,mts_archive,CharacterTrajectories,9.0,0.9596774302970476,0.9581704456606724,0.9545267958675836,0.0
cnn,mts_archive,CMUsubject16,9.0,0.9642857142857144,0.9655172413793104,0.96875,0.0
cnn,mts_archive,ECG,9.0,0.8293226381461676,0.85,0.8342379014020804,0.0
cnn,mts_archive,JapaneseVowels,9.0,0.9470264430121701,0.9432432432432432,0.953523435531222,0.0
cnn,mts_archive,KickvsPunch,9.0,0.5476190476190476,0.5,0.5416666666666666,0.0
cnn,mts_archive,Libras,9.0,0.6456582306582307,0.6555555555555556,0.6555555555555556,0.0
cnn,mts_archive,NetFlow,9.0,0.8234174001354095,0.8764044943820225,0.8113999348109517,0.0
cnn,mts_archive,UWave,9.0,0.8669079869374114,0.8639551192145862,0.8639561237705204,0.0
cnn,mts_archive,Wafer,9.0,0.8467548076923077,0.9296875,0.7426440633418753,0.0
cnn,mts_archive,WalkvsRun,9.0,1.0,1.0,1.0,0.0
twiesn,mts_archive,ArabicDigits,0.0,0.8587579131336159,0.8527272727272728,0.8527272727272728,10.016157150268556
twiesn,mts_archive,AUSLAN,0.0,0.7827452026416315,0.7354385964912281,0.735438596491228,4.418373346328735
twiesn,mts_archive,CharacterTrajectories,0.0,0.9081562257221384,0.9026583268178264,0.8971331676517866,7.249714136123657
twiesn,mts_archive,CMUsubject16,0.0,0.9333333333333332,0.9310344827586208,0.9375,1.4173936843872068
twiesn,mts_archive,ECG,0.0,0.7413194444444444,0.77,0.7514699231117141,1.0773134231567385
twiesn,mts_archive,JapaneseVowels,0.0,0.9706235227660176,0.9702702702702702,0.972402348609245,0.8167357444763184
twiesn,mts_archive,KickvsPunch,0.0,0.5,0.5,0.5,1.3210833072662354
twiesn,mts_archive,Libras,0.0,0.802041160593792,0.7833333333333333,0.7833333333333333,0.6747112274169922
twiesn,mts_archive,NetFlow,0.0,0.941927549194991,0.9475655430711609,0.9026034876140808,111.2934799194336
twiesn,mts_archive,UWave,0.0,0.6967524762728441,0.6839644693782141,0.6840377682102978,16.562953472137448
twiesn,mts_archive,Wafer,0.0,0.9717314487632508,0.9464285714285714,0.7473684210526316,14.227829217910767
twiesn,mts_archive,WalkvsRun,0.0,1.0,1.0,1.0,2.4809012413024902
twiesn,mts_archive,ArabicDigits,1.0,0.8757927211666289,0.8713636363636363,0.8713636363636365,9.676467418670654
twiesn,mts_archive,AUSLAN,1.0,0.7360508805184008,0.7157894736842105,0.7157894736842104,2.363003969192505
twiesn,mts_archive,CharacterTrajectories,1.0,0.9367545752600286,0.9272869429241596,0.9195733650491232,6.203758955001831
twiesn,mts_archive,CMUsubject16,1.0,0.8712121212121212,0.8620689655172413,0.8533653846153846,1.775510311126709
twiesn,mts_archive,ECG,1.0,0.7231869254341164,0.72,0.5988240615106286,1.0772242546081543
twiesn,mts_archive,JapaneseVowels,1.0,0.9640898896996458,0.9621621621621622,0.971176046176046,0.8002800941467285
twiesn,mts_archive,KickvsPunch,1.0,0.7,0.7,0.7083333333333333,1.435457468032837
twiesn,mts_archive,Libras,1.0,0.8370299635005518,0.8166666666666667,0.8166666666666665,0.7184655666351318
twiesn,mts_archive,NetFlow,1.0,0.943136415525114,0.9400749063670412,0.8795836049543677,68.46436405181885
twiesn,mts_archive,UWave,1.0,0.7922421037147209,0.7858812529219261,0.7859174279813783,14.227317571640015
twiesn,mts_archive,Wafer,1.0,0.9790669856459332,0.9609375,0.8157894736842105,15.915669202804565
twiesn,mts_archive,WalkvsRun,1.0,1.0,1.0,1.0,3.3913686275482178
twiesn,mts_archive,ArabicDigits,2.0,0.8651747877543489,0.8531818181818182,0.8531818181818182,9.909237623214723
twiesn,mts_archive,AUSLAN,2.0,0.7555881723856558,0.7508771929824561,0.7508771929824564,2.6401636600494385
twiesn,mts_archive,CharacterTrajectories,2.0,0.9354679605491584,0.9159499609069586,0.9062749260231898,5.880192995071411
twiesn,mts_archive,CMUsubject16,2.0,0.8284313725490196,0.8275862068965517,0.8221153846153846,1.4607384204864502
twiesn,mts_archive,ECG,2.0,0.6809712027103332,0.72,0.6449570330167345,1.1210713386535645
twiesn,mts_archive,JapaneseVowels,2.0,0.9651951986028152,0.9648648648648648,0.9724458874458874,0.7208747863769531
twiesn,mts_archive,KickvsPunch,2.0,0.9,0.9,0.9166666666666669,1.5034451484680176
twiesn,mts_archive,Libras,2.0,0.8226875512401829,0.8,0.7999999999999999,0.7974445819854736
twiesn,mts_archive,NetFlow,2.0,0.9437381382480048,0.9456928838951312,0.8953308344198174,134.70333433151242
twiesn,mts_archive,UWave,2.0,0.822591880311837,0.8020102851799906,0.8020428611431971,13.9604229927063
twiesn,mts_archive,Wafer,2.0,0.9700704225352113,0.9430803571428572,0.7315789473684211,4.3172481060028085
twiesn,mts_archive,WalkvsRun,2.0,0.75,0.75,0.8333333333333333,3.5297980308532715
twiesn,mts_archive,ArabicDigits,3.0,0.8646310158098333,0.8563636363636363,0.8563636363636362,9.778231143951416
twiesn,mts_archive,AUSLAN,3.0,0.7568709027610178,0.7150877192982457,0.7150877192982455,4.541658878326416
twiesn,mts_archive,CharacterTrajectories,3.0,0.9230608778650936,0.9245504300234558,0.9184413129442048,6.486558675765991
twiesn,mts_archive,CMUsubject16,3.0,0.8261904761904761,0.8275862068965517,0.8293269230769231,1.4377036094665527
twiesn,mts_archive,ECG,3.0,0.7,0.73,0.6447308909995477,1.030376672744751
twiesn,mts_archive,JapaneseVowels,3.0,0.9653133903133904,0.9621621621621622,0.9722366522366522,0.662553071975708
twiesn,mts_archive,KickvsPunch,3.0,0.625,0.6,0.625,1.4926891326904297
twiesn,mts_archive,Libras,3.0,0.8377959295606353,0.8111111111111111,0.8111111111111111,0.8554451465606691
twiesn,mts_archive,NetFlow,3.0,0.9376329087874146,0.9419475655430712,0.8898916232073011,68.51556134223938
twiesn,mts_archive,UWave,3.0,0.7549479531830311,0.7323515661524077,0.7324140676957542,13.711754560470581
twiesn,mts_archive,Wafer,3.0,0.9711764705882352,0.9453125,0.7421052631578947,4.307608127593993
twiesn,mts_archive,WalkvsRun,3.0,1.0,1.0,1.0,2.495325326919556
twiesn,mts_archive,ArabicDigits,4.0,0.8403083384812845,0.8313636363636364,0.8313636363636364,9.732465028762816
twiesn,mts_archive,AUSLAN,4.0,0.7371740386819945,0.7094736842105264,0.7094736842105264,5.154191493988037
twiesn,mts_archive,CharacterTrajectories,4.0,0.9406530478444634,0.9335418295543392,0.928354016298144,2.9309184551239014
twiesn,mts_archive,CMUsubject16,4.0,1.0,1.0,1.0,0.9088435173034668
twiesn,mts_archive,ECG,4.0,0.7092038396386222,0.74,0.6675712347354138,1.1400508880615234
twiesn,mts_archive,JapaneseVowels,4.0,0.959551774803708,0.9594594594594594,0.9661832611832613,0.7763121128082275
twiesn,mts_archive,KickvsPunch,4.0,0.5,0.5,0.5,1.5130128860473633
twiesn,mts_archive,Libras,4.0,0.827227608992315,0.8055555555555556,0.8055555555555555,0.711409330368042
twiesn,mts_archive,NetFlow,4.0,0.9478980322003578,0.951310861423221,0.9080426988265972,112.53036093711852
twiesn,mts_archive,UWave,4.0,0.7958557757200251,0.7926601215521272,0.7926856907837166,13.706387758255005
twiesn,mts_archive,Wafer,4.0,0.9762187871581453,0.9553571428571428,0.7894736842105263,15.865281820297241
twiesn,mts_archive,WalkvsRun,4.0,0.9,0.9375,0.9583333333333331,4.407790422439575
twiesn,mts_archive,ArabicDigits,5.0,0.8745625779209213,0.87,0.8700000000000001,9.72400951385498
twiesn,mts_archive,AUSLAN,5.0,0.7308358435719118,0.7185964912280701,0.7185964912280703,4.196652412414552
twiesn,mts_archive,CharacterTrajectories,5.0,0.947328846963635,0.9437060203283816,0.9404527154983976,6.180762052536012
twiesn,mts_archive,CMUsubject16,5.0,0.8995098039215685,0.8965517241379308,0.8918269230769231,1.67427659034729
twiesn,mts_archive,ECG,5.0,0.7305936073059359,0.76,0.705563093622795,3.5742261409759517
twiesn,mts_archive,JapaneseVowels,5.0,0.9707977427142512,0.9702702702702702,0.9768831168831168,1.3975682258605957
twiesn,mts_archive,KickvsPunch,5.0,0.7,0.7,0.7083333333333333,1.520080327987671
twiesn,mts_archive,Libras,5.0,0.7906109195815078,0.7777777777777778,0.7777777777777778,0.7164058685302734
twiesn,mts_archive,NetFlow,5.0,0.9447848703932288,0.951310861423221,0.9110780638852672,110.12391686439514
twiesn,mts_archive,UWave,5.0,0.6619055887410279,0.6082281439925199,0.6082296370191467,15.734205484390259
twiesn,mts_archive,Wafer,5.0,0.97396449704142,0.9508928571428572,0.7684210526315789,3.857938528060913
twiesn,mts_archive,WalkvsRun,5.0,0.9,0.9375,0.9583333333333331,10.204280853271484
twiesn,mts_archive,ArabicDigits,6.0,0.8500532221867468,0.8345454545454546,0.8345454545454546,10.918783187866213
twiesn,mts_archive,AUSLAN,6.0,0.7674290120434829,0.7333333333333333,0.7333333333333333,4.77145528793335
twiesn,mts_archive,CharacterTrajectories,6.0,0.9245231900081261,0.9163408913213448,0.9101066618576455,5.856869220733643
twiesn,mts_archive,CMUsubject16,6.0,0.9705882352941176,0.9655172413793104,0.9615384615384616,1.0041100978851318
twiesn,mts_archive,ECG,6.0,0.7625,0.77,0.6899592944369064,1.1155779361724854
twiesn,mts_archive,JapaneseVowels,6.0,0.9796590241034684,0.9783783783783784,0.9825901875901876,0.6560022830963135
twiesn,mts_archive,KickvsPunch,6.0,0.7,0.7,0.7083333333333333,1.435640573501587
twiesn,mts_archive,Libras,6.0,0.8127466977466977,0.7888888888888889,0.7888888888888889,1.2182021141052246
twiesn,mts_archive,NetFlow,6.0,0.9390659041394336,0.9438202247191012,0.8941289113428943,110.66094088554381
twiesn,mts_archive,UWave,6.0,0.7906647102657004,0.7667134174848059,0.7666806678567678,14.108302354812622
twiesn,mts_archive,Wafer,6.0,0.9717314487632508,0.9464285714285714,0.7473684210526316,14.117289066314695
twiesn,mts_archive,WalkvsRun,6.0,1.0,1.0,1.0,3.560436248779297
twiesn,mts_archive,ArabicDigits,7.0,0.8636082444333539,0.8554545454545455,0.8554545454545455,5.148768186569214
twiesn,mts_archive,AUSLAN,7.0,0.7145444482741721,0.6975438596491228,0.6975438596491229,4.5481741428375235
twiesn,mts_archive,CharacterTrajectories,7.0,0.9315218224606115,0.9222048475371384,0.917007916757085,6.182294845581055
twiesn,mts_archive,CMUsubject16,7.0,0.9642857142857144,0.9655172413793104,0.96875,1.103733777999878
twiesn,mts_archive,ECG,7.0,0.6714092140921409,0.71,0.6144278606965174,1.3129708766937256
twiesn,mts_archive,JapaneseVowels,7.0,0.9724472419874718,0.9702702702702702,0.9765365477434442,1.1091296672821045
twiesn,mts_archive,KickvsPunch,7.0,0.5476190476190476,0.5,0.5416666666666666,1.4590275287628174
twiesn,mts_archive,Libras,7.0,0.8015536315536316,0.7888888888888889,0.7888888888888891,0.7794015407562256
twiesn,mts_archive,NetFlow,7.0,0.9376329087874146,0.9419475655430712,0.8898916232073011,110.9827013015747
twiesn,mts_archive,UWave,7.0,0.8070104197046358,0.7938288920056101,0.7938679162728832,14.008538007736206
twiesn,mts_archive,Wafer,7.0,0.9612814465408804,0.9453125,0.7467442013272882,4.07479190826416
twiesn,mts_archive,WalkvsRun,7.0,1.0,1.0,1.0,11.39149808883667
twiesn,mts_archive,ArabicDigits,8.0,0.8477686444231235,0.8368181818181818,0.8368181818181817,9.859993696212767
twiesn,mts_archive,AUSLAN,8.0,0.7665930278649247,0.7284210526315791,0.7284210526315789,4.6470675468444815
twiesn,mts_archive,CharacterTrajectories,8.0,0.9298093305176665,0.9124315871774824,0.9056490150845441,6.536890506744385
twiesn,mts_archive,CMUsubject16,8.0,0.8284313725490196,0.8275862068965517,0.8221153846153846,1.403773546218872
twiesn,mts_archive,ECG,8.0,0.7076923076923076,0.74,0.7137042062415196,3.616913318634033
twiesn,mts_archive,JapaneseVowels,8.0,0.9570813233801349,0.9513513513513514,0.9567541295683676,0.9126791954040528
twiesn,mts_archive,KickvsPunch,8.0,0.7916666666666667,0.8,0.7916666666666667,1.6909523010253906
twiesn,mts_archive,Libras,8.0,0.8002750517456401,0.7833333333333333,0.7833333333333334,0.7492382526397705
twiesn,mts_archive,NetFlow,8.0,0.9471612678509229,0.9456928838951312,0.8922954693611473,110.50308585166931
twiesn,mts_archive,UWave,8.0,0.8015020860505369,0.7812061711079944,0.7812204662396303,13.716500282287598
twiesn,mts_archive,Wafer,8.0,0.9711764705882352,0.9453125,0.7421052631578947,16.438230752944946
twiesn,mts_archive,WalkvsRun,8.0,0.7545454545454545,0.8125,0.7916666666666667,4.606487989425659
twiesn,mts_archive,ArabicDigits,9.0,0.8749242840784206,0.865909090909091,0.865909090909091,10.565547943115234
twiesn,mts_archive,AUSLAN,9.0,0.7525782960203171,0.7361403508771931,0.7361403508771931,4.589079141616821
twiesn,mts_archive,CharacterTrajectories,9.0,0.9167588905120211,0.905003909304144,0.9011115778943511,6.677806377410889
twiesn,mts_archive,CMUsubject16,9.0,0.8365384615384616,0.8275862068965517,0.8365384615384616,1.8099188804626465
twiesn,mts_archive,ECG,9.0,0.66875,0.71,0.6221166892808684,2.2325243949890137
twiesn,mts_archive,JapaneseVowels,9.0,0.9700736791230558,0.9648648648648648,0.9733982683982684,1.161701202392578
twiesn,mts_archive,KickvsPunch,9.0,0.8333333333333333,0.8,0.8333333333333333,1.3661723136901855
twiesn,mts_archive,Libras,9.0,0.8304850108686426,0.7888888888888889,0.7888888888888891,0.7274589538574219
twiesn,mts_archive,NetFlow,9.0,0.9361981566820275,0.9400749063670412,0.8856543350717079,111.2744686603546
twiesn,mts_archive,UWave,9.0,0.8141542078889387,0.7973352033660589,0.7973472120130212,13.752040147781372
twiesn,mts_archive,Wafer,9.0,0.97396449704142,0.9508928571428572,0.7684210526315789,9.35410213470459
twiesn,mts_archive,WalkvsRun,9.0,1.0,1.0,1.0,2.461127281188965
